,aligned_pos,res,DsRed_EGE3L_pos,avGFP_1XF1B_pos
0_-,0,-,-,-
0_M,0,M,-,-
1_-,1,-,-,-
1_N,1,N,-,-
2_-,2,-,-,-
2_V,2,V,-,-
3_-,3,-,-,-
3_M,3,M,-,-
4_-,4,-,-,-
4_R,4,R,-,-
5_-,5,-,-,-
5_Y,5,Y,-,-
6_-,6,-,-,-
6_N,6,N,-,-
7_-,7,-,-,-
7_R,7,R,-,-
8_-,8,-,-,-
8_G,8,G,-,-
9_-,9,-,-,-
9_F,9,F,-,-
10_-,10,-,-,-
10_C,10,C,-,-
11_-,11,-,-,-
11_R,11,R,-,-
12_-,12,-,-,-
12_V,12,V,-,-
13_-,13,-,-,-
13_L,13,L,-,-
14_-,14,-,-,-
14_Q,14,Q,-,-
15_-,15,-,-,-
15_N,15,N,-,-
16_-,16,-,-,-
16_G,16,G,-,-
17_-,17,-,-,-
17_V,17,V,-,-
18_-,18,-,-,-
18_K,18,K,-,-
19_-,19,-,-,-
19_N,19,N,-,-
20_-,20,-,-,-
20_L,20,L,-,-
21_-,21,-,-,-
21_R,21,R,-,-
22_-,22,-,-,-
22_S,22,S,-,-
23_-,23,-,-,-
23_R,23,R,-,-
24_-,24,-,-,-
24_N,24,N,-,-
25_-,25,-,-,-
25_C,25,C,-,-
26_-,26,-,-,-
26_S,26,S,-,-
27_-,27,-,-,-
27_T,27,T,-,-
28_-,28,-,-,-
28_E,28,E,-,-
28_M,28,M,-,-
29_-,29,-,-,-
29_E,29,E,-,-
29_M,29,M,-,-
29_V,29,V,-,-
30_-,30,-,-,-
30_D,30,D,-,-
30_K,30,K,-,-
30_S,30,S,-,-
31_-,31,-,-,-
31_D,31,D,-,-
31_E,31,E,-,-
31_K,31,K,-,-
31_M,31,M,-,-
31_P,31,P,-,-
31_S,31,S,-,-
32_-,32,-,-,-
32_A,32,A,-,-
32_D,32,D,-,-
32_G,32,G,-,-
32_K,32,K,-,-
32_P,32,P,-,-
32_S,32,S,-,-
32_T,32,T,-,-
32_V,32,V,-,-
33_-,33,-,-,-
33_A,33,A,-,-
33_E,33,E,-,-
33_G,33,G,-,-
33_I,33,I,-,-
33_M,33,M,-,-
33_N,33,N,-,-
33_S,33,S,-,-
33_T,33,T,-,-
34_-,34,-,-,-
34_V,34,V,-,-
35_-,35,-,-,-
35_S,35,S,-,-
36_-,36,-,-,-
36_K,36,K,-,-
37_-,37,-,-,-
37_G,37,G,-,-
38_-,38,-,M1,M1
38_A,38,A,M1,M1
38_D,38,D,M1,M1
38_E,38,E,M1,M1
38_F,38,F,M1,M1
38_G,38,G,M1,M1
38_K,38,K,M1,M1
38_L,38,L,M1,M1
38_M,38,M,M1,M1
38_N,38,N,M1,M1
38_Q,38,Q,M1,M1
38_S,38,S,M1,M1
38_T,38,T,M1,M1
38_V,38,V,M1,M1
38_Y,38,Y,M1,M1
39_-,39,-,R2,S2
39_A,39,A,R2,S2
39_C,39,C,R2,S2
39_D,39,D,R2,S2
39_E,39,E,R2,S2
39_G,39,G,R2,S2
39_I,39,I,R2,S2
39_M,39,M,R2,S2
39_N,39,N,R2,S2
39_P,39,P,R2,S2
39_R,39,R,R2,S2
39_S,39,S,R2,S2
39_T,39,T,R2,S2
39_V,39,V,R2,S2
39_Y,39,Y,R2,S2
40_-,40,-,S3,K3
40_A,40,A,S3,K3
40_C,40,C,S3,K3
40_E,40,E,S3,K3
40_F,40,F,S3,K3
40_G,40,G,S3,K3
40_H,40,H,S3,K3
40_K,40,K,S3,K3
40_L,40,L,S3,K3
40_M,40,M,S3,K3
40_N,40,N,S3,K3
40_P,40,P,S3,K3
40_Q,40,Q,S3,K3
40_R,40,R,S3,K3
40_S,40,S,S3,K3
40_T,40,T,S3,K3
40_V,40,V,S3,K3
40_Y,40,Y,S3,K3
41_-,41,-,S4,G4
41_A,41,A,S4,G4
41_D,41,D,S4,G4
41_F,41,F,S4,G4
41_G,41,G,S4,G4
41_H,41,H,S4,G4
41_L,41,L,S4,G4
41_M,41,M,S4,G4
41_N,41,N,S4,G4
41_P,41,P,S4,G4
41_R,41,R,S4,G4
41_S,41,S,S4,G4
41_T,41,T,S4,G4
41_W,41,W,S4,G4
41_Y,41,Y,S4,G4
42_-,42,-,-,-
42_K,42,K,-,-
42_L,42,L,-,-
42_M,42,M,-,-
42_V,42,V,-,-
43_-,43,-,-,-
43_F,43,F,-,-
43_G,43,G,-,-
43_K,43,K,-,-
44_-,44,-,-,-
44_C,44,C,-,-
44_N,44,N,-,-
44_R,44,R,-,-
44_V,44,V,-,-
45_-,45,-,-,-
45_I,45,I,-,-
45_L,45,L,-,-
45_V,45,V,-,-
46_-,46,-,-,-
46_I,46,I,-,-
46_L,46,L,-,-
46_S,46,S,-,-
47_-,47,-,-,-
47_F,47,F,-,-
47_I,47,I,-,-
47_V,47,V,-,-
48_-,48,-,-,-
48_I,48,I,-,-
48_L,48,L,-,-
49_-,49,-,-,-
49_V,49,V,-,-
50_-,50,-,-,-
50_I,50,I,-,-
50_L,50,L,-,-
51_-,51,-,-,-
51_A,51,A,-,-
51_C,51,C,-,-
51_I,51,I,-,-
52_-,52,-,-,-
52_C,52,C,-,-
52_I,52,I,-,-
52_Y,52,Y,-,-
53_-,53,-,-,-
53_A,53,A,-,-
53_S,53,S,-,-
53_T,53,T,-,-
54_-,54,-,-,-
54_C,54,C,-,-
54_N,54,N,-,-
54_S,54,S,-,-
55_-,55,-,-,-
55_A,55,A,-,-
55_G,55,G,-,-
55_S,55,S,-,-
56_-,56,-,-,-
56_N,56,N,-,-
56_T,56,T,-,-
57_-,57,-,-,-
57_C,57,C,-,-
57_I,57,I,-,-
57_P,57,P,-,-
58_-,58,-,-,-
58_A,58,A,-,-
58_F,58,F,-,-
58_V,58,V,-,-
59_-,59,-,-,-
59_H,59,H,-,-
59_L,59,L,-,-
59_V,59,V,-,-
60_-,60,-,-,-
60_R,60,R,-,-
60_S,60,S,-,-
60_W,60,W,-,-
61_-,61,-,-,-
61_N,61,N,-,-
61_S,61,S,-,-
62_-,62,-,-,-
62_E,62,E,-,-
62_N,62,N,-,-
62_Y,62,Y,-,-
63_-,63,-,-,-
63_A,63,A,-,-
63_E,63,E,-,-
63_S,63,S,-,-
64_-,64,-,-,-
64_D,64,D,-,-
64_N,64,N,-,-
64_R,64,R,-,-
65_-,65,-,-,-
65_L,65,L,-,-
65_P,65,P,-,-
65_S,65,S,-,-
65_T,65,T,-,-
66_-,66,-,K5,-
66_D,66,D,K5,-
66_E,66,E,K5,-
66_H,66,H,K5,-
66_K,66,K,K5,-
66_M,66,M,K5,-
66_P,66,P,K5,-
66_R,66,R,K5,-
66_S,66,S,K5,-
67_-,67,-,N6,-
67_A,67,A,N6,-
67_D,67,D,N6,-
67_E,67,E,N6,-
67_H,67,H,N6,-
67_K,67,K,N6,-
67_N,67,N,N6,-
67_Q,67,Q,N6,-
67_S,67,S,N6,-
67_V,67,V,N6,-
68_-,68,-,-,-
68_D,68,D,-,-
68_H,68,H,-,-
68_K,68,K,-,-
68_N,68,N,-,-
68_S,68,S,-,-
69_-,69,-,-,-
69_M,69,M,-,-
69_N,69,N,-,-
69_T,69,T,-,-
69_Y,69,Y,-,-
70_-,70,-,-,-
70_F,70,F,-,-
70_L,70,L,-,-
71_-,71,-,-,-
71_R,71,R,-,-
71_S,71,S,-,-
72_-,72,-,-,-
72_I,72,I,-,-
73_-,73,-,-,-
73_P,73,P,-,-
74_-,74,-,-,-
74_K,74,K,-,-
75_-,75,-,-,-
75_A,75,A,-,-
76_-,76,-,-,-
76_L,76,L,-,-
77_-,77,-,-,-
77_A,77,A,-,-
77_P,77,P,-,-
77_Q,77,Q,-,-
77_S,77,S,-,-
77_T,77,T,-,-
77_V,77,V,-,-
78_-,78,-,-,-
78_E,78,E,-,-
78_F,78,F,-,-
78_G,78,G,-,-
78_I,78,I,-,-
78_L,78,L,-,-
78_M,78,M,-,-
78_T,78,T,-,-
79_-,79,-,-,E5
79_A,79,A,-,E5
79_E,79,E,-,E5
79_G,79,G,-,E5
79_H,79,H,-,E5
79_I,79,I,-,E5
79_K,79,K,-,E5
79_M,79,M,-,E5
79_N,79,N,-,E5
79_P,79,P,-,E5
79_Q,79,Q,-,E5
79_R,79,R,-,E5
79_S,79,S,-,E5
79_T,79,T,-,E5
79_V,79,V,-,E5
80_-,80,-,-,E6
80_A,80,A,-,E6
80_D,80,D,-,E6
80_E,80,E,-,E6
80_G,80,G,-,E6
80_H,80,H,-,E6
80_K,80,K,-,E6
80_L,80,L,-,E6
80_M,80,M,-,E6
80_N,80,N,-,E6
80_Q,80,Q,-,E6
80_S,80,S,-,E6
80_T,80,T,-,E6
81_-,81,-,V7,L7
81_A,81,A,V7,L7
81_C,81,C,V7,L7
81_E,81,E,V7,L7
81_F,81,F,V7,L7
81_G,81,G,V7,L7
81_I,81,I,V7,L7
81_L,81,L,V7,L7
81_M,81,M,V7,L7
81_N,81,N,V7,L7
81_P,81,P,V7,L7
81_Q,81,Q,V7,L7
81_S,81,S,V7,L7
81_T,81,T,V7,L7
81_V,81,V,V7,L7
81_Y,81,Y,V7,L7
82_-,82,-,-,-
82_F,82,F,-,-
82_G,82,G,-,-
82_H,82,H,-,-
82_L,82,L,-,-
83_-,83,-,I8,F8
83_F,83,F,I8,F8
83_G,83,G,I8,F8
83_I,83,I,I8,F8
83_L,83,L,I8,F8
83_P,83,P,I8,F8
83_S,83,S,I8,F8
83_V,83,V,I8,F8
84_-,84,-,K9,T9
84_A,84,A,K9,T9
84_E,84,E,K9,T9
84_G,84,G,K9,T9
84_H,84,H,K9,T9
84_K,84,K,K9,T9
84_L,84,L,K9,T9
84_M,84,M,K9,T9
84_N,84,N,K9,T9
84_P,84,P,K9,T9
84_Q,84,Q,K9,T9
84_R,84,R,K9,T9
84_S,84,S,K9,T9
84_T,84,T,K9,T9
84_V,84,V,K9,T9
85_-,85,-,E10,G10
85_A,85,A,E10,G10
85_D,85,D,E10,G10
85_E,85,E,E10,G10
85_G,85,G,E10,G10
85_K,85,K,E10,G10
85_N,85,N,E10,G10
85_P,85,P,E10,G10
85_Q,85,Q,E10,G10
85_R,85,R,E10,G10
85_S,85,S,E10,G10
85_T,85,T,E10,G10
85_Y,85,Y,E10,G10
86_-,86,-,F11,V11
86_A,86,A,F11,V11
86_D,86,D,F11,V11
86_E,86,E,F11,V11
86_F,86,F,F11,V11
86_H,86,H,F11,V11
86_I,86,I,F11,V11
86_K,86,K,F11,V11
86_M,86,M,F11,V11
86_N,86,N,F11,V11
86_P,86,P,F11,V11
86_Q,86,Q,F11,V11
86_R,86,R,F11,V11
86_S,86,S,F11,V11
86_T,86,T,F11,V11
86_V,86,V,F11,V11
86_Y,86,Y,F11,V11
87_F,87,F,M12,V12
87_I,87,I,M12,V12
87_L,87,L,M12,V12
87_M,87,M,M12,V12
87_T,87,T,M12,V12
87_V,87,V,M12,V12
88_C,88,C,R13,P13
88_E,88,E,R13,P13
88_H,88,H,R13,P13
88_K,88,K,R13,P13
88_L,88,L,R13,P13
88_M,88,M,R13,P13
88_N,88,N,R13,P13
88_P,88,P,R13,P13
88_Q,88,Q,R13,P13
88_R,88,R,R13,P13
88_S,88,S,R13,P13
88_T,88,T,R13,P13
89_-,89,-,F14,I14
89_A,89,A,F14,I14
89_F,89,F,F14,I14
89_I,89,I,F14,I14
89_L,89,L,F14,I14
89_M,89,M,F14,I14
89_S,89,S,F14,I14
89_T,89,T,F14,I14
89_V,89,V,F14,I14
89_Y,89,Y,F14,I14
90_D,90,D,K15,L15
90_E,90,E,K15,L15
90_H,90,H,K15,L15
90_I,90,I,K15,L15
90_K,90,K,K15,L15
90_L,90,L,K15,L15
90_M,90,M,K15,L15
90_N,90,N,K15,L15
90_Q,90,Q,K15,L15
90_R,90,R,K15,L15
90_S,90,S,K15,L15
90_T,90,T,K15,L15
90_V,90,V,K15,L15
90_X,90,X,K15,L15
91_A,91,A,V16,V16
91_C,91,C,V16,V16
91_E,91,E,V16,V16
91_F,91,F,V16,V16
91_I,91,I,V16,V16
91_L,91,L,V16,V16
91_M,91,M,V16,V16
91_P,91,P,V16,V16
91_R,91,R,V16,V16
91_S,91,S,V16,V16
91_T,91,T,V16,V16
91_V,91,V,V16,V16
91_W,91,W,V16,V16
91_Y,91,Y,V16,V16
92_C,92,C,R17,E17
92_E,92,E,R17,E17
92_F,92,F,R17,E17
92_H,92,H,R17,E17
92_I,92,I,R17,E17
92_K,92,K,R17,E17
92_L,92,L,R17,E17
92_N,92,N,R17,E17
92_Q,92,Q,R17,E17
92_R,92,R,R17,E17
92_S,92,S,R17,E17
92_T,92,T,R17,E17
92_V,92,V,R17,E17
92_Y,92,Y,R17,E17
93_F,93,F,M18,L18
93_I,93,I,M18,L18
93_L,93,L,M18,L18
93_M,93,M,M18,L18
93_V,93,V,M18,L18
94_D,94,D,E19,D19
94_E,94,E,E19,D19
94_F,94,F,E19,D19
94_G,94,G,E19,D19
94_H,94,H,E19,D19
94_K,94,K,E19,D19
94_N,94,N,E19,D19
94_Q,94,Q,E19,D19
94_R,94,R,E19,D19
94_S,94,S,E19,D19
94_T,94,T,E19,D19
94_V,94,V,E19,D19
95_A,95,A,G20,G20
95_C,95,C,G20,G20
95_F,95,F,G20,G20
95_G,95,G,G20,G20
96_A,96,A,T21,D21
96_C,96,C,T21,D21
96_D,96,D,T21,D21
96_E,96,E,T21,D21
96_I,96,I,T21,D21
96_K,96,K,T21,D21
96_L,96,L,T21,D21
96_M,96,M,T21,D21
96_N,96,N,T21,D21
96_R,96,R,T21,D21
96_S,96,S,T21,D21
96_T,96,T,T21,D21
96_V,96,V,T21,D21
97_F,97,F,V22,V22
97_I,97,I,V22,V22
97_L,97,L,V22,V22
97_M,97,M,V22,V22
97_V,97,V,V22,V22
98_D,98,D,N23,N23
98_E,98,E,N23,N23
98_G,98,G,N23,N23
98_H,98,H,N23,N23
98_N,98,N,N23,N23
99_C,99,C,G24,G24
99_D,99,D,G24,G24
99_E,99,E,G24,G24
99_G,99,G,G24,G24
99_N,99,N,G24,G24
99_S,99,S,G24,G24
99_Y,99,Y,G24,G24
100_A,100,A,H25,H25
100_E,100,E,H25,H25
100_H,100,H,H25,H25
100_I,100,I,H25,H25
100_K,100,K,H25,H25
100_L,100,L,H25,H25
100_M,100,M,H25,H25
100_Q,100,Q,H25,H25
100_R,100,R,H25,H25
100_V,100,V,H25,H25
100_Y,100,Y,H25,H25
101_A,101,A,E26,K26
101_C,101,C,E26,K26
101_D,101,D,E26,K26
101_E,101,E,E26,K26
101_F,101,F,E26,K26
101_H,101,H,E26,K26
101_I,101,I,E26,K26
101_K,101,K,E26,K26
101_N,101,N,E26,K26
101_P,101,P,E26,K26
101_Q,101,Q,E26,K26
101_R,101,R,E26,K26
101_S,101,S,E26,K26
101_T,101,T,E26,K26
101_V,101,V,E26,K26
101_Y,101,Y,E26,K26
102_F,102,F,F27,F27
103_A,103,A,E28,S28
103_D,103,D,E28,S28
103_E,103,E,E28,S28
103_I,103,I,E28,S28
103_K,103,K,E28,S28
103_M,103,M,E28,S28
103_Q,103,Q,E28,S28
103_S,103,S,E28,S28
103_T,103,T,E28,S28
103_V,103,V,E28,S28
104_A,104,A,I29,V29
104_C,104,C,I29,V29
104_I,104,I,I29,V29
104_L,104,L,I29,V29
104_M,104,M,I29,V29
104_V,104,V,I29,V29
104_Y,104,Y,I29,V29
105_A,105,A,E30,S30
105_D,105,D,E30,S30
105_E,105,E,E30,S30
105_H,105,H,E30,S30
105_I,105,I,E30,S30
105_K,105,K,E30,S30
105_L,105,L,E30,S30
105_N,105,N,E30,S30
105_Q,105,Q,E30,S30
105_R,105,R,E30,S30
105_S,105,S,E30,S30
105_T,105,T,E30,S30
105_V,105,V,E30,S30
106_A,106,A,G31,G31
106_G,106,G,G31,G31
106_H,106,H,G31,G31
106_S,106,S,G31,G31
106_T,106,T,G31,G31
107_A,107,A,E32,E32
107_D,107,D,E32,E32
107_E,107,E,E32,E32
107_F,107,F,E32,E32
107_G,107,G,E32,E32
107_H,107,H,E32,E32
107_K,107,K,E32,E32
107_N,107,N,E32,E32
107_Q,107,Q,E32,E32
107_R,107,R,E32,E32
107_S,107,S,E32,E32
107_T,107,T,E32,E32
107_V,107,V,E32,E32
108_A,108,A,G33,G33
108_G,108,G,G33,G33
109_A,109,A,E34,E34
109_D,109,D,E34,E34
109_E,109,E,E34,E34
109_F,109,F,E34,E34
109_G,109,G,E34,E34
109_H,109,H,E34,E34
109_I,109,I,E34,E34
109_K,109,K,E34,E34
109_L,109,L,E34,E34
109_N,109,N,E34,E34
109_Q,109,Q,E34,E34
109_R,109,R,E34,E34
109_S,109,S,E34,E34
109_T,109,T,E34,E34
109_V,109,V,E34,E34
109_W,109,W,E34,E34
109_Y,109,Y,E34,E34
110_A,110,A,G35,G35
110_G,110,G,G35,G35
110_R,110,R,G35,G35
110_S,110,S,G35,G35
110_T,110,T,G35,G35
111_-,111,-,R36,D36
111_D,111,D,R36,D36
111_E,111,E,R36,D36
111_H,111,H,R36,D36
111_I,111,I,R36,D36
111_K,111,K,R36,D36
111_N,111,N,R36,D36
111_P,111,P,R36,D36
111_Q,111,Q,R36,D36
111_R,111,R,R36,D36
111_S,111,S,R36,D36
111_T,111,T,R36,D36
111_Y,111,Y,R36,D36
112_-,112,-,P37,A37
112_A,112,A,P37,A37
112_F,112,F,P37,A37
112_G,112,G,P37,A37
112_I,112,I,P37,A37
112_P,112,P,P37,A37
112_S,112,S,P37,A37
112_T,112,T,P37,A37
112_V,112,V,P37,A37
112_X,112,X,P37,A37
113_A,113,A,Y38,T38
113_D,113,D,Y38,T38
113_E,113,E,Y38,T38
113_F,113,F,Y38,T38
113_G,113,G,Y38,T38
113_K,113,K,Y38,T38
113_L,113,L,Y38,T38
113_N,113,N,Y38,T38
113_P,113,P,Y38,T38
113_R,113,R,Y38,T38
113_S,113,S,Y38,T38
113_T,113,T,Y38,T38
113_Y,113,Y,Y38,T38
114_A,114,A,E39,Y39
114_D,114,D,E39,Y39
114_E,114,E,E39,Y39
114_F,114,F,E39,Y39
114_G,114,G,E39,Y39
114_H,114,H,E39,Y39
114_I,114,I,E39,Y39
114_K,114,K,E39,Y39
114_M,114,M,E39,Y39
114_N,114,N,E39,Y39
114_Q,114,Q,E39,Y39
114_S,114,S,E39,Y39
114_T,114,T,E39,Y39
114_V,114,V,E39,Y39
114_Y,114,Y,E39,Y39
115_A,115,A,G40,G40
115_G,115,G,G40,G40
116_-,116,-,H41,-
116_D,116,D,H41,-
116_E,116,E,H41,-
116_F,116,F,H41,-
116_H,116,H,H41,-
116_I,116,I,H41,-
116_K,116,K,H41,-
116_L,116,L,H41,-
116_N,116,N,H41,-
116_Q,116,Q,H41,-
116_S,116,S,H41,-
116_T,116,T,H41,-
116_V,116,V,H41,-
117_-,117,-,N42,-
117_C,117,C,N42,-
117_F,117,F,N42,-
117_H,117,H,N42,-
117_K,117,K,N42,-
117_L,117,L,N42,-
117_N,117,N,N42,-
117_Q,117,Q,N42,-
117_Y,117,Y,N42,-
118_-,118,-,-,-
118_T,118,T,-,-
119_A,119,A,T43,K41
119_C,119,C,T43,K41
119_D,119,D,T43,K41
119_E,119,E,T43,K41
119_F,119,F,T43,K41
119_G,119,G,T43,K41
119_H,119,H,T43,K41
119_I,119,I,T43,K41
119_K,119,K,T43,K41
119_L,119,L,T43,K41
119_M,119,M,T43,K41
119_N,119,N,T43,K41
119_R,119,R,T43,K41
119_S,119,S,T43,K41
119_T,119,T,T43,K41
119_V,119,V,T43,K41
119_Y,119,Y,T43,K41
120_A,120,A,V44,L42
120_C,120,C,V44,L42
120_E,120,E,V44,L42
120_F,120,F,V44,L42
120_G,120,G,V44,L42
120_I,120,I,V44,L42
120_L,120,L,V44,L42
120_M,120,M,V44,L42
120_N,120,N,V44,L42
120_Q,120,Q,V44,L42
120_S,120,S,V44,L42
120_T,120,T,V44,L42
120_V,120,V,V44,L42
121_D,121,D,K45,T43
121_E,121,E,K45,T43
121_H,121,H,K45,T43
121_I,121,I,K45,T43
121_K,121,K,K45,T43
121_N,121,N,K45,T43
121_Q,121,Q,K45,T43
121_R,121,R,K45,T43
121_S,121,S,K45,T43
121_T,121,T,K45,T43
121_V,121,V,K45,T43
121_X,121,X,K45,T43
121_Y,121,Y,K45,T43
122_A,122,A,L46,L44
122_F,122,F,L46,L44
122_G,122,G,L46,L44
122_I,122,I,L46,L44
122_L,122,L,L46,L44
122_M,122,M,L46,L44
122_N,122,N,L46,L44
122_S,122,S,L46,L44
122_T,122,T,L46,L44
122_V,122,V,L46,L44
123_A,123,A,K47,K45
123_C,123,C,K47,K45
123_D,123,D,K47,K45
123_E,123,E,K47,K45
123_H,123,H,K47,K45
123_I,123,I,K47,K45
123_K,123,K,K47,K45
123_L,123,L,K47,K45
123_M,123,M,K47,K45
123_N,123,N,K47,K45
123_Q,123,Q,K47,K45
123_R,123,R,K47,K45
123_S,123,S,K47,K45
123_T,123,T,K47,K45
123_V,123,V,K47,K45
123_W,123,W,K47,K45
124_A,124,A,V48,F46
124_F,124,F,V48,F46
124_H,124,H,V48,F46
124_I,124,I,V48,F46
124_L,124,L,V48,F46
124_M,124,M,V48,F46
124_V,124,V,V48,F46
124_Y,124,Y,V48,F46
125_-,125,-,T49,I47
125_A,125,A,T49,I47
125_D,125,D,T49,I47
125_E,125,E,T49,I47
125_I,125,I,T49,I47
125_K,125,K,T49,I47
125_L,125,L,T49,I47
125_Q,125,Q,T49,I47
125_R,125,R,T49,I47
125_T,125,T,T49,I47
125_V,125,V,T49,I47
125_Y,125,Y,T49,I47
126_-,126,-,-,-
126_K,126,K,-,-
126_M,126,M,-,-
127_-,127,-,-,C48
127_A,127,A,-,C48
127_C,127,C,-,C48
127_L,127,L,-,C48
127_P,127,P,-,C48
127_S,127,S,-,C48
127_T,127,T,-,C48
127_V,127,V,-,C48
128_A,128,A,K50,T49
128_D,128,D,K50,T49
128_E,128,E,K50,T49
128_G,128,G,K50,T49
128_I,128,I,K50,T49
128_K,128,K,K50,T49
128_N,128,N,K50,T49
128_R,128,R,K50,T49
128_S,128,S,K50,T49
128_T,128,T,K50,T49
128_V,128,V,K50,T49
129_D,129,D,G51,T50
129_E,129,E,G51,T50
129_G,129,G,G51,T50
129_K,129,K,G51,T50
129_N,129,N,G51,T50
129_Q,129,Q,G51,T50
129_R,129,R,G51,T50
129_S,129,S,G51,T50
129_T,129,T,G51,T50
130_A,130,A,G52,G51
130_D,130,D,G52,G51
130_E,130,E,G52,G51
130_G,130,G,G52,G51
130_K,130,K,G52,G51
130_N,130,N,G52,G51
130_Q,130,Q,G52,G51
130_S,130,S,G52,G51
131_A,131,A,P53,K52
131_C,131,C,P53,K52
131_D,131,D,P53,K52
131_E,131,E,P53,K52
131_K,131,K,P53,K52
131_P,131,P,P53,K52
131_T,131,T,P53,K52
132_I,132,I,L54,L53
132_L,132,L,L54,L53
132_M,132,M,L54,L53
132_P,132,P,L54,L53
132_V,132,V,L54,L53
133_A,133,A,P55,P54
133_K,133,K,P55,P54
133_L,133,L,P55,P54
133_N,133,N,P55,P54
133_P,133,P,P55,P54
133_Q,133,Q,P55,P54
133_S,133,S,P55,P54
133_T,133,T,P55,P54
134_C,134,C,F56,V55
134_F,134,F,F56,V55
134_I,134,I,F56,V55
134_L,134,L,F56,V55
134_M,134,M,F56,V55
134_V,134,V,F56,V55
135_A,135,A,A57,P56
135_G,135,G,A57,P56
135_P,135,P,A57,P56
135_S,135,S,A57,P56
135_T,135,T,A57,P56
135_X,135,X,A57,P56
136_A,136,A,W58,W57
136_E,136,E,W58,W57
136_F,136,F,W58,W57
136_I,136,I,W58,W57
136_P,136,P,W58,W57
136_T,136,T,W58,W57
136_V,136,V,W58,W57
136_W,136,W,W58,W57
136_Y,136,Y,W58,W57
137_A,137,A,D59,P58
137_D,137,D,D59,P58
137_E,137,E,D59,P58
137_F,137,F,D59,P58
137_H,137,H,D59,P58
137_K,137,K,D59,P58
137_L,137,L,D59,P58
137_P,137,P,D59,P58
137_S,137,S,D59,P58
137_T,137,T,D59,P58
137_V,137,V,D59,P58
137_W,137,W,D59,P58
137_Y,137,Y,D59,P58
138_A,138,A,I60,T59
138_I,138,I,I60,T59
138_L,138,L,I60,T59
138_P,138,P,I60,T59
138_S,138,S,I60,T59
138_T,138,T,I60,T59
138_V,138,V,I60,T59
139_I,139,I,L61,L60
139_L,139,L,L61,L60
139_M,139,M,L61,L60
139_V,139,V,L61,L60
140_A,140,A,S62,V61
140_C,140,C,S62,V61
140_G,140,G,S62,V61
140_I,140,I,S62,V61
140_K,140,K,S62,V61
140_L,140,L,S62,V61
140_S,140,S,S62,V61
140_T,140,T,S62,V61
140_V,140,V,S62,V61
141_A,141,A,P63,T62
141_C,141,C,P63,T62
141_H,141,H,P63,T62
141_I,141,I,P63,T62
141_M,141,M,P63,T62
141_N,141,N,P63,T62
141_P,141,P,P63,T62
141_S,141,S,P63,T62
141_T,141,T,P63,T62
141_V,141,V,P63,T62
142_A,142,A,Q64,T63
142_C,142,C,Q64,T63
142_G,142,G,Q64,T63
142_H,142,H,Q64,T63
142_I,142,I,Q64,T63
142_L,142,L,Q64,T63
142_M,142,M,Q64,T63
142_N,142,N,Q64,T63
142_P,142,P,Q64,T63
142_Q,142,Q,Q64,T63
142_S,142,S,Q64,T63
142_T,142,T,Q64,T63
142_V,142,V,Q64,T63
143_A,143,A,F65,F64
143_C,143,C,F65,F64
143_E,143,E,F65,F64
143_F,143,F,F65,F64
143_G,143,G,F65,F64
143_H,143,H,F65,F64
143_I,143,I,F65,F64
143_L,143,L,F65,F64
143_M,143,M,F65,F64
143_S,143,S,F65,F64
143_T,143,T,F65,F64
143_V,143,V,F65,F64
144_A,144,A,Q66,S65
144_C,144,C,Q66,S65
144_D,144,D,Q66,S65
144_E,144,E,Q66,S65
144_F,144,F,Q66,S65
144_G,144,G,Q66,S65
144_H,144,H,Q66,S65
144_K,144,K,Q66,S65
144_L,144,L,Q66,S65
144_M,144,M,Q66,S65
144_N,144,N,Q66,S65
144_Q,144,Q,Q66,S65
144_R,144,R,Q66,S65
144_S,144,S,Q66,S65
144_T,144,T,Q66,S65
145_A,145,A,Y67,Y66
145_F,145,F,Y67,Y66
145_H,145,H,Y67,Y66
145_W,145,W,Y67,Y66
145_Y,145,Y,Y67,Y66
146_A,146,A,G68,G67
146_G,146,G,G68,G67
147_A,147,A,S69,V68
147_D,147,D,S69,V68
147_E,147,E,S69,V68
147_F,147,F,S69,V68
147_G,147,G,S69,V68
147_H,147,H,S69,V68
147_I,147,I,S69,V68
147_L,147,L,S69,V68
147_M,147,M,S69,V68
147_N,147,N,S69,V68
147_Q,147,Q,S69,V68
147_S,147,S,S69,V68
147_T,147,T,S69,V68
147_V,147,V,S69,V68
147_Y,147,Y,S69,V68
148_A,148,A,K70,Q69
148_F,148,F,K70,Q69
148_H,148,H,K70,Q69
148_I,148,I,K70,Q69
148_K,148,K,K70,Q69
148_L,148,L,K70,Q69
148_M,148,M,K70,Q69
148_N,148,N,K70,Q69
148_P,148,P,K70,Q69
148_Q,148,Q,K70,Q69
148_R,148,R,K70,Q69
148_S,148,S,K70,Q69
148_T,148,T,K70,Q69
148_V,148,V,K70,Q69
148_Y,148,Y,K70,Q69
149_A,149,A,V71,C70
149_C,149,C,V71,C70
149_F,149,F,V71,C70
149_G,149,G,V71,C70
149_H,149,H,V71,C70
149_I,149,I,V71,C70
149_L,149,L,V71,C70
149_M,149,M,V71,C70
149_P,149,P,V71,C70
149_Q,149,Q,V71,C70
149_S,149,S,V71,C70
149_T,149,T,V71,C70
149_V,149,V,V71,C70
150_F,150,F,Y72,F71
150_I,150,I,Y72,F71
150_L,150,L,Y72,F71
150_Y,150,Y,Y72,F71
151_A,151,A,V73,S72
151_C,151,C,V73,S72
151_G,151,G,V73,S72
151_I,151,I,V73,S72
151_L,151,L,V73,S72
151_M,151,M,V73,S72
151_N,151,N,V73,S72
151_S,151,S,V73,S72
151_T,151,T,V73,S72
151_V,151,V,V73,S72
152_A,152,A,K74,R73
152_D,152,D,K74,R73
152_E,152,E,K74,R73
152_G,152,G,K74,R73
152_H,152,H,K74,R73
152_K,152,K,K74,R73
152_N,152,N,K74,R73
152_P,152,P,K74,R73
152_Q,152,Q,K74,R73
152_R,152,R,K74,R73
152_S,152,S,K74,R73
152_T,152,T,K74,R73
153_F,153,F,H75,Y74
153_H,153,H,H75,Y74
153_Y,153,Y,H75,Y74
154_G,154,G,P76,P75
154_P,154,P,P76,P75
154_T,154,T,P76,P75
154_V,154,V,P76,P75
155_A,155,A,A77,D76
155_D,155,D,A77,D76
155_E,155,E,A77,D76
155_G,155,G,A77,D76
155_H,155,H,A77,D76
155_K,155,K,A77,D76
155_N,155,N,A77,D76
155_P,155,P,A77,D76
155_Q,155,Q,A77,D76
155_R,155,R,A77,D76
155_S,155,S,A77,D76
155_T,155,T,A77,D76
155_X,155,X,A77,D76
156_D,156,D,D78,H77
156_E,156,E,D78,H77
156_G,156,G,D78,H77
156_H,156,H,D78,H77
156_K,156,K,D78,H77
156_N,156,N,D78,H77
156_S,156,S,D78,H77
156_T,156,T,D78,H77
156_V,156,V,D78,H77
157_-,157,-,I79,M78
157_A,157,A,I79,M78
157_H,157,H,I79,M78
157_I,157,I,I79,M78
157_K,157,K,I79,M78
157_L,157,L,I79,M78
157_M,157,M,I79,M78
157_T,157,T,I79,M78
157_V,157,V,I79,M78
157_Y,157,Y,I79,M78
158_A,158,A,P80,K79
158_D,158,D,P80,K79
158_E,158,E,P80,K79
158_H,158,H,P80,K79
158_K,158,K,P80,K79
158_L,158,L,P80,K79
158_M,158,M,P80,K79
158_N,158,N,P80,K79
158_P,158,P,P80,K79
158_Q,158,Q,P80,K79
158_R,158,R,P80,K79
158_S,158,S,P80,K79
158_T,158,T,P80,K79
158_V,158,V,P80,K79
158_X,158,X,P80,K79
159_-,159,-,-,Q80
159_A,159,A,-,Q80
159_M,159,M,-,Q80
159_Q,159,Q,-,Q80
159_R,159,R,-,Q80
160_-,160,-,-,H81
160_H,160,H,-,H81
160_N,160,N,-,H81
161_B,161,B,D81,D82
161_D,161,D,D81,D82
161_H,161,H,D81,D82
161_N,161,N,D81,D82
161_S,161,S,D81,D82
161_X,161,X,D81,D82
162_F,162,F,Y82,F83
162_H,162,H,Y82,F83
162_I,162,I,Y82,F83
162_L,162,L,Y82,F83
162_M,162,M,Y82,F83
162_P,162,P,Y82,F83
162_V,162,V,Y82,F83
162_Y,162,Y,Y82,F83
163_A,163,A,K83,F84
163_F,163,F,K83,F84
163_H,163,H,K83,F84
163_I,163,I,K83,F84
163_K,163,K,K83,F84
163_L,163,L,K83,F84
163_M,163,M,K83,F84
163_P,163,P,K83,F84
163_V,163,V,K83,F84
163_W,163,W,K83,F84
163_Y,163,Y,K83,F84
164_K,164,K,K84,K85
164_L,164,L,K84,K85
164_Q,164,Q,K84,K85
164_V,164,V,K84,K85
165_A,165,A,L85,S86
165_D,165,D,L85,S86
165_E,165,E,L85,S86
165_G,165,G,L85,S86
165_H,165,H,L85,S86
165_L,165,L,L85,S86
165_N,165,N,L85,S86
165_P,165,P,L85,S86
165_Q,165,Q,L85,S86
165_R,165,R,L85,S86
165_S,165,S,L85,S86
165_T,165,T,L85,S86
166_A,166,A,S86,A87
166_C,166,C,S86,A87
166_L,166,L,S86,A87
166_M,166,M,S86,A87
166_S,166,S,S86,A87
166_T,166,T,S86,A87
166_V,166,V,S86,A87
167_A,167,A,F87,M88
167_C,167,C,F87,M88
167_F,167,F,F87,M88
167_I,167,I,F87,M88
167_L,167,L,F87,M88
167_M,167,M,F87,M88
167_Q,167,Q,F87,M88
167_W,167,W,F87,M88
167_Y,167,Y,F87,M88
168_E,168,E,P88,P89
168_H,168,H,P88,P89
168_K,168,K,P88,P89
168_L,168,L,P88,P89
168_N,168,N,P88,P89
168_P,168,P,P88,P89
168_S,168,S,P88,P89
168_T,168,T,P88,P89
168_V,168,V,P88,P89
169_-,169,-,-,-
169_G,169,G,-,-
170_-,170,-,-,-
170_D,170,D,-,-
170_E,170,E,-,-
170_F,170,F,-,-
170_L,170,L,-,-
170_N,170,N,-,-
170_P,170,P,-,-
171_-,171,-,-,-
171_D,171,D,-,-
171_G,171,G,-,-
171_N,171,N,-,-
172_-,172,-,E89,E90
172_A,172,A,E89,E90
172_D,172,D,E89,E90
172_E,172,E,E89,E90
172_G,172,G,E89,E90
172_K,172,K,E89,E90
172_N,172,N,E89,E90
172_P,172,P,E89,E90
172_R,172,R,E89,E90
172_S,172,S,E89,E90
172_T,172,T,E89,E90
172_V,172,V,E89,E90
173_A,173,A,G90,G91
173_D,173,D,G90,G91
173_E,173,E,G90,G91
173_G,173,G,G90,G91
173_S,173,S,G90,G91
174_F,174,F,F91,Y92
174_H,174,H,F91,Y92
174_I,174,I,F91,Y92
174_L,174,L,F91,Y92
174_M,174,M,F91,Y92
174_Y,174,Y,F91,Y92
175_A,175,A,K92,V93
175_C,175,C,K92,V93
175_F,175,F,K92,V93
175_H,175,H,K92,V93
175_I,175,I,K92,V93
175_K,175,K,K92,V93
175_N,175,N,K92,V93
175_Q,175,Q,K92,V93
175_R,175,R,K92,V93
175_S,175,S,K92,V93
175_T,175,T,K92,V93
175_V,175,V,K92,V93
176_F,176,F,W93,Q94
176_I,176,I,W93,Q94
176_K,176,K,W93,Q94
176_L,176,L,W93,Q94
176_M,176,M,W93,Q94
176_N,176,N,W93,Q94
176_Q,176,Q,W93,Q94
176_V,176,V,W93,Q94
176_W,176,W,W93,Q94
176_Y,176,Y,W93,Q94
177_D,177,D,E94,E95
177_E,177,E,E94,E95
177_G,177,G,E94,E95
177_H,177,H,E94,E95
177_K,177,K,E94,E95
177_N,177,N,E94,E95
177_Q,177,Q,E94,E95
177_R,177,R,E94,E95
177_T,177,T,E94,E95
177_V,177,V,E94,E95
177_Y,177,Y,E94,E95
178_G,178,G,R95,R96
178_K,178,K,R95,R96
178_R,178,R,R95,R96
179_C,179,C,V96,T97
179_H,179,H,V96,T97
179_I,179,I,V96,T97
179_K,179,K,V96,T97
179_N,179,N,V96,T97
179_R,179,R,V96,T97
179_S,179,S,V96,T97
179_T,179,T,V96,T97
179_V,179,V,V96,T97
180_E,180,E,M97,I98
180_F,180,F,M97,I98
180_I,180,I,M97,I98
180_L,180,L,M97,I98
180_M,180,M,M97,I98
180_Q,180,Q,M97,I98
180_S,180,S,M97,I98
180_T,180,T,M97,I98
180_V,180,V,M97,I98
180_Y,180,Y,M97,I98
181_A,181,A,N98,F99
181_D,181,D,N98,F99
181_E,181,E,N98,F99
181_F,181,F,N98,F99
181_H,181,H,N98,F99
181_I,181,I,N98,F99
181_K,181,K,N98,F99
181_L,181,L,N98,F99
181_M,181,M,N98,F99
181_N,181,N,N98,F99
181_P,181,P,N98,F99
181_Q,181,Q,N98,F99
181_R,181,R,N98,F99
181_S,181,S,N98,F99
181_T,181,T,N98,F99
181_V,181,V,N98,F99
181_X,181,X,N98,F99
182_F,182,F,F99,F100
182_L,182,L,F99,F100
182_M,182,M,F99,F100
182_Y,182,Y,F99,F100
183_D,183,D,E100,K101
183_E,183,E,E100,K101
183_K,183,K,E100,K101
183_Q,183,Q,E100,K101
183_V,183,V,E100,K101
183_X,183,X,E100,K101
184_D,184,D,D101,D102
184_G,184,G,D101,D102
184_K,184,K,D101,D102
184_N,184,N,D101,D102
184_X,184,X,D101,D102
185_D,185,D,G102,D103
185_G,185,G,G102,D103
185_K,185,K,G102,D103
185_N,185,N,G102,D103
185_Q,185,Q,G102,D103
186_A,186,A,G103,G104
186_G,186,G,G103,G104
186_R,186,R,G103,G104
186_S,186,S,G103,G104
187_A,187,A,V104,N105
187_C,187,C,V104,N105
187_E,187,E,V104,N105
187_F,187,F,V104,N105
187_H,187,H,V104,N105
187_I,187,I,V104,N105
187_K,187,K,V104,N105
187_L,187,L,V104,N105
187_M,187,M,V104,N105
187_N,187,N,V104,N105
187_Q,187,Q,V104,N105
187_S,187,S,V104,N105
187_T,187,T,V104,N105
187_V,187,V,V104,N105
187_Y,187,Y,V104,N105
188_A,188,A,V105,Y106
188_C,188,C,V105,Y106
188_F,188,F,V105,Y106
188_G,188,G,V105,Y106
188_I,188,I,V105,Y106
188_L,188,L,V105,Y106
188_M,188,M,V105,Y106
188_S,188,S,V105,Y106
188_V,188,V,V105,Y106
188_Y,188,Y,V105,Y106
189_A,189,A,T106,K107
189_C,189,C,T106,K107
189_D,189,D,T106,K107
189_E,189,E,T106,K107
189_H,189,H,T106,K107
189_I,189,I,T106,K107
189_K,189,K,T106,K107
189_L,189,L,T106,K107
189_M,189,M,T106,K107
189_N,189,N,T106,K107
189_Q,189,Q,T106,K107
189_R,189,R,T106,K107
189_S,189,S,T106,K107
189_T,189,T,T106,K107
189_V,189,V,T106,K107
189_Y,189,Y,T106,K107
190_A,190,A,V107,T108
190_C,190,C,V107,T108
190_G,190,G,V107,T108
190_I,190,I,V107,T108
190_L,190,L,V107,T108
190_M,190,M,V107,T108
190_S,190,S,V107,T108
190_T,190,T,V107,T108
190_V,190,V,V107,T108
190_X,190,X,V107,T108
191_A,191,A,T108,R109
191_D,191,D,T108,R109
191_E,191,E,T108,R109
191_G,191,G,T108,R109
191_H,191,H,T108,R109
191_I,191,I,T108,R109
191_K,191,K,T108,R109
191_M,191,M,T108,R109
191_N,191,N,T108,R109
191_Q,191,Q,T108,R109
191_R,191,R,T108,R109
191_S,191,S,T108,R109
191_T,191,T,T108,R109
191_V,191,V,T108,R109
192_A,192,A,Q109,A110
192_F,192,F,Q109,A110
192_G,192,G,Q109,A110
192_H,192,H,Q109,A110
192_N,192,N,Q109,A110
192_Q,192,Q,Q109,A110
192_S,192,S,Q109,A110
192_V,192,V,Q109,A110
192_W,192,W,Q109,A110
192_Y,192,Y,Q109,A110
193_B,193,B,D110,E111
193_D,193,D,D110,E111
193_E,193,E,D110,E111
193_H,193,H,D110,E111
193_K,193,K,D110,E111
193_M,193,M,D110,E111
193_N,193,N,D110,E111
193_R,193,R,D110,E111
193_S,193,S,D110,E111
193_T,193,T,D110,E111
193_V,193,V,D110,E111
194_I,194,I,S111,V112
194_L,194,L,S111,V112
194_M,194,M,S111,V112
194_P,194,P,S111,V112
194_S,194,S,S111,V112
194_T,194,T,S111,V112
194_V,194,V,S111,V112
194_Y,194,Y,S111,V112
195_C,195,C,S112,K113
195_E,195,E,S112,K113
195_G,195,G,S112,K113
195_I,195,I,S112,K113
195_K,195,K,S112,K113
195_R,195,R,S112,K113
195_S,195,S,S112,K113
195_T,195,T,S112,K113
196_-,196,-,L113,F114
196_F,196,F,L113,F114
196_I,196,I,L113,F114
196_L,196,L,L113,F114
196_M,196,M,L113,F114
196_V,196,V,L113,F114
196_Y,196,Y,L113,F114
197_-,197,-,-,-
197_D,197,D,-,-
197_E,197,E,-,-
197_K,197,K,-,-
197_L,197,L,-,-
197_N,197,N,-,-
197_S,197,S,-,-
198_-,198,-,-,-
198_A,198,A,-,-
198_D,198,D,-,-
198_E,198,E,-,-
198_K,198,K,-,-
198_L,198,L,-,-
198_Q,198,Q,-,-
198_S,198,S,-,-
198_V,198,V,-,-
199_-,199,-,-,-
199_D,199,D,-,-
200_-,200,-,-,-
200_A,200,A,-,-
200_E,200,E,-,-
200_K,200,K,-,-
200_M,200,M,-,-
200_S,200,S,-,-
200_T,200,T,-,-
201_A,201,A,Q114,E115
201_D,201,D,Q114,E115
201_E,201,E,Q114,E115
201_H,201,H,Q114,E115
201_I,201,I,Q114,E115
201_K,201,K,Q114,E115
201_N,201,N,Q114,E115
201_Q,201,Q,Q114,E115
201_R,201,R,Q114,E115
201_S,201,S,Q114,E115
201_T,201,T,Q114,E115
201_V,201,V,Q114,E115
201_Y,201,Y,Q114,E115
202_A,202,A,D115,G116
202_D,202,D,D115,G116
202_E,202,E,D115,G116
202_F,202,F,D115,G116
202_G,202,G,D115,G116
202_H,202,H,D115,G116
202_K,202,K,D115,G116
202_M,202,M,D115,G116
202_N,202,N,D115,G116
202_P,202,P,D115,G116
202_R,202,R,D115,G116
202_S,202,S,D115,G116
202_V,202,V,D115,G116
203_-,203,-,-,-
203_G,203,G,-,-
203_I,203,I,-,-
203_V,203,V,-,-
204_-,204,-,-,-
204_A,204,A,-,-
204_D,204,D,-,-
204_E,204,E,-,-
204_S,204,S,-,-
204_V,204,V,-,-
205_-,205,-,G116,D117
205_A,205,A,G116,D117
205_D,205,D,G116,D117
205_G,205,G,G116,D117
205_K,205,K,G116,D117
205_M,205,M,G116,D117
205_N,205,N,G116,D117
205_S,205,S,G116,D117
205_T,205,T,G116,D117
206_A,206,A,C117,T118
206_C,206,C,C117,T118
206_E,206,E,C117,T118
206_G,206,G,C117,T118
206_H,206,H,C117,T118
206_K,206,K,C117,T118
206_M,206,M,C117,T118
206_N,206,N,C117,T118
206_Q,206,Q,C117,T118
206_R,206,R,C117,T118
206_S,206,S,C117,T118
206_T,206,T,C117,T118
206_V,206,V,C117,T118
206_W,206,W,C117,T118
206_Y,206,Y,C117,T118
207_F,207,F,F118,L119
207_I,207,I,F118,L119
207_L,207,L,F118,L119
207_M,207,M,F118,L119
207_P,207,P,F118,L119
207_V,207,V,F118,L119
207_Y,207,Y,F118,L119
208_A,208,A,I119,V120
208_D,208,D,I119,V120
208_E,208,E,I119,V120
208_F,208,F,I119,V120
208_H,208,H,I119,V120
208_I,208,I,I119,V120
208_K,208,K,I119,V120
208_L,208,L,I119,V120
208_M,208,M,I119,V120
208_N,208,N,I119,V120
208_Q,208,Q,I119,V120
208_T,208,T,I119,V120
208_V,208,V,I119,V120
208_X,208,X,I119,V120
208_Y,208,Y,I119,V120
209_A,209,A,Y120,N121
209_C,209,C,Y120,N121
209_D,209,D,Y120,N121
209_E,209,E,Y120,N121
209_F,209,F,Y120,N121
209_G,209,G,Y120,N121
209_H,209,H,Y120,N121
209_N,209,N,Y120,N121
209_Q,209,Q,Y120,N121
209_S,209,S,Y120,N121
209_V,209,V,Y120,N121
209_Y,209,Y,Y120,N121
210_D,210,D,K121,R122
210_E,210,E,K121,R122
210_H,210,H,K121,R122
210_K,210,K,K121,R122
210_N,210,N,K121,R122
210_Q,210,Q,K121,R122
210_R,210,R,K121,R122
210_T,210,T,K121,R122
210_V,210,V,K121,R122
210_X,210,X,K121,R122
210_Y,210,Y,K121,R122
211_A,211,A,V122,I123
211_C,211,C,V122,I123
211_F,211,F,V122,I123
211_I,211,I,V122,I123
211_M,211,M,V122,I123
211_S,211,S,V122,I123
211_T,211,T,V122,I123
211_V,211,V,V122,I123
212_A,212,A,K123,E124
212_D,212,D,K123,E124
212_E,212,E,K123,E124
212_H,212,H,K123,E124
212_I,212,I,K123,E124
212_K,212,K,K123,E124
212_M,212,M,K123,E124
212_N,212,N,K123,E124
212_Q,212,Q,K123,E124
212_R,212,R,K123,E124
212_S,212,S,K123,E124
212_T,212,T,K123,E124
212_V,212,V,K123,E124
212_W,212,W,K123,E124
212_Y,212,Y,K123,E124
213_A,213,A,F124,L125
213_C,213,C,F124,L125
213_F,213,F,F124,L125
213_I,213,I,F124,L125
213_L,213,L,F124,L125
213_M,213,M,F124,L125
213_V,213,V,F124,L125
213_Y,213,Y,F124,L125
214_C,214,C,I125,K126
214_D,214,D,I125,K126
214_E,214,E,I125,K126
214_F,214,F,I125,K126
214_H,214,H,I125,K126
214_I,214,I,I125,K126
214_K,214,K,I125,K126
214_L,214,L,I125,K126
214_M,214,M,I125,K126
214_N,214,N,I125,K126
214_Q,214,Q,I125,K126
214_R,214,R,I125,K126
214_S,214,S,I125,K126
214_T,214,T,I125,K126
214_V,214,V,I125,K126
214_Y,214,Y,I125,K126
215_A,215,A,G126,G127
215_C,215,C,G126,G127
215_G,215,G,G126,G127
216_-,216,-,V127,I128
216_A,216,A,V127,I128
216_D,216,D,V127,I128
216_E,216,E,V127,I128
216_G,216,G,V127,I128
216_H,216,H,V127,I128
216_I,216,I,V127,I128
216_K,216,K,V127,I128
216_L,216,L,V127,I128
216_M,216,M,V127,I128
216_N,216,N,V127,I128
216_Q,216,Q,V127,I128
216_S,216,S,V127,I128
216_T,216,T,V127,I128
216_V,216,V,V127,I128
217_D,217,D,N128,D129
217_G,217,G,N128,D129
217_K,217,K,N128,D129
217_N,217,N,N128,D129
217_T,217,T,N128,D129
218_F,218,F,F129,F130
218_L,218,L,F129,F130
219_A,219,A,P130,K131
219_D,219,D,P130,K131
219_E,219,E,P130,K131
219_K,219,K,P130,K131
219_N,219,N,P130,K131
219_P,219,P,P130,K131
219_Q,219,Q,P130,K131
219_R,219,R,P130,K131
219_S,219,S,P130,K131
219_T,219,T,P130,K131
220_A,220,A,S131,E132
220_D,220,D,S131,E132
220_E,220,E,S131,E132
220_I,220,I,S131,E132
220_K,220,K,S131,E132
220_L,220,L,S131,E132
220_P,220,P,S131,E132
220_R,220,R,S131,E132
220_S,220,S,S131,E132
220_T,220,T,S131,E132
220_V,220,V,S131,E132
220_X,220,X,S131,E132
221_A,221,A,D132,D133
221_D,221,D,D132,D133
221_E,221,E,D132,D133
221_G,221,G,D132,D133
221_H,221,H,D132,D133
221_K,221,K,D132,D133
221_M,221,M,D132,D133
221_N,221,N,D132,D133
221_Q,221,Q,D132,D133
221_S,221,S,D132,D133
221_T,221,T,D132,D133
222_G,222,G,G133,G134
222_S,222,S,G133,G134
222_X,222,X,G133,G134
223_A,223,A,P134,N135
223_H,223,H,P134,N135
223_I,223,I,P134,N135
223_L,223,L,P134,N135
223_N,223,N,P134,N135
223_P,223,P,P134,N135
223_S,223,S,P134,N135
223_V,223,V,P134,N135
224_I,224,I,V135,I136
224_T,224,T,V135,I136
224_V,224,V,V135,I136
225_A,225,A,M136,L137
225_C,225,C,M136,L137
225_F,225,F,M136,L137
225_I,225,I,M136,L137
225_K,225,K,M136,L137
225_L,225,L,M136,L137
225_M,225,M,M136,L137
225_V,225,V,M136,L137
225_X,225,X,M136,L137
226_A,226,A,Q137,G138
226_E,226,E,Q137,G138
226_G,226,G,Q137,G138
226_K,226,K,Q137,G138
226_Q,226,Q,Q137,G138
226_R,226,R,Q137,G138
226_S,226,S,Q137,G138
226_T,226,T,Q137,G138
227_C,227,C,K138,H139
227_D,227,D,K138,H139
227_G,227,G,K138,H139
227_H,227,H,K138,H139
227_K,227,K,K138,H139
227_M,227,M,K138,H139
227_N,227,N,K138,H139
227_Q,227,Q,K138,H139
227_R,227,R,K138,H139
227_S,227,S,K138,H139
228_A,228,A,K139,K140
228_D,228,D,K139,K140
228_E,228,E,K139,K140
228_G,228,G,K139,K140
228_H,228,H,K139,K140
228_I,228,I,K139,K140
228_K,228,K,K139,K140
228_M,228,M,K139,K140
228_N,228,N,K139,K140
228_Q,228,Q,K139,K140
228_R,228,R,K139,K140
228_S,228,S,K139,K140
228_T,228,T,K139,K140
228_V,228,V,K139,K140
228_X,228,X,K139,K140
229_A,229,A,T140,L141
229_F,229,F,T140,L141
229_G,229,G,T140,L141
229_I,229,I,T140,L141
229_L,229,L,T140,L141
229_M,229,M,T140,L141
229_S,229,S,T140,L141
229_T,229,T,T140,L141
229_V,229,V,T140,L141
229_X,229,X,T140,L141
229_Y,229,Y,T140,L141
230_-,230,-,M141,-
230_A,230,A,M141,-
230_C,230,C,M141,-
230_D,230,D,M141,-
230_E,230,E,M141,-
230_G,230,G,M141,-
230_I,230,I,M141,-
230_K,230,K,M141,-
230_L,230,L,M141,-
230_M,230,M,M141,-
230_N,230,N,M141,-
230_Q,230,Q,M141,-
230_R,230,R,M141,-
230_S,230,S,M141,-
230_T,230,T,M141,-
230_V,230,V,M141,-
230_Y,230,Y,M141,-
231_-,231,-,G142,E142
231_A,231,A,G142,E142
231_D,231,D,G142,E142
231_E,231,E,G142,E142
231_G,231,G,G142,E142
231_H,231,H,G142,E142
231_K,231,K,G142,E142
231_L,231,L,G142,E142
231_M,231,M,G142,E142
231_N,231,N,G142,E142
231_Q,231,Q,G142,E142
231_R,231,R,G142,E142
231_T,231,T,G142,E142
232_-,232,-,W143,Y143
232_A,232,A,W143,Y143
232_E,232,E,W143,Y143
232_F,232,F,W143,Y143
232_I,232,I,W143,Y143
232_L,232,L,W143,Y143
232_M,232,M,W143,Y143
232_Q,232,Q,W143,Y143
232_S,232,S,W143,Y143
232_T,232,T,W143,Y143
232_V,232,V,W143,Y143
232_W,232,W,W143,Y143
232_Y,232,Y,W143,Y143
233_A,233,A,E144,N144
233_C,233,C,E144,N144
233_D,233,D,E144,N144
233_E,233,E,E144,N144
233_F,233,F,E144,N144
233_H,233,H,E144,N144
233_K,233,K,E144,N144
233_N,233,N,E144,N144
233_Q,233,Q,E144,N144
233_S,233,S,E144,N144
233_T,233,T,E144,N144
233_V,233,V,E144,N144
233_W,233,W,E144,N144
234_A,234,A,A145,Y145
234_C,234,C,A145,Y145
234_D,234,D,A145,Y145
234_F,234,F,A145,Y145
234_G,234,G,A145,Y145
234_H,234,H,A145,Y145
234_I,234,I,A145,Y145
234_K,234,K,A145,Y145
234_L,234,L,A145,Y145
234_M,234,M,A145,Y145
234_P,234,P,A145,Y145
234_Q,234,Q,A145,Y145
234_R,234,R,A145,Y145
234_S,234,S,A145,Y145
234_T,234,T,A145,Y145
234_V,234,V,A145,Y145
234_W,234,W,A145,Y145
234_Y,234,Y,A145,Y145
235_-,235,-,-,-
235_S,235,S,-,-
236_A,236,A,S146,N146
236_C,236,C,S146,N146
236_D,236,D,S146,N146
236_F,236,F,S146,N146
236_G,236,G,S146,N146
236_H,236,H,S146,N146
236_I,236,I,S146,N146
236_L,236,L,S146,N146
236_N,236,N,S146,N146
236_P,236,P,S146,N146
236_S,236,S,S146,N146
236_T,236,T,S146,N146
237_A,237,A,T147,S147
237_C,237,C,T147,S147
237_D,237,D,T147,S147
237_E,237,E,T147,S147
237_F,237,F,T147,S147
237_G,237,G,T147,S147
237_H,237,H,T147,S147
237_I,237,I,T147,S147
237_N,237,N,T147,S147
237_P,237,P,T147,S147
237_R,237,R,T147,S147
237_S,237,S,T147,S147
237_T,237,T,T147,S147
237_V,237,V,T147,S147
237_X,237,X,T147,S147
237_Y,237,Y,T147,S147
238_A,238,A,E148,H148
238_C,238,C,E148,H148
238_D,238,D,E148,H148
238_E,238,E,E148,H148
238_G,238,G,E148,H148
238_H,238,H,E148,H148
238_N,238,N,E148,H148
238_Q,238,Q,E148,H148
238_R,238,R,E148,H148
238_S,238,S,E148,H148
238_T,238,T,E148,H148
238_W,238,W,E148,H148
239_A,239,A,R149,N149
239_C,239,C,R149,N149
239_D,239,D,R149,N149
239_E,239,E,R149,N149
239_G,239,G,R149,N149
239_H,239,H,R149,N149
239_I,239,I,R149,N149
239_K,239,K,R149,N149
239_L,239,L,R149,N149
239_M,239,M,R149,N149
239_N,239,N,R149,N149
239_P,239,P,R149,N149
239_Q,239,Q,R149,N149
239_R,239,R,R149,N149
239_S,239,S,R149,N149
239_T,239,T,R149,N149
239_V,239,V,R149,N149
239_Y,239,Y,R149,N149
240_A,240,A,L150,V150
240_F,240,F,L150,V150
240_I,240,I,L150,V150
240_K,240,K,L150,V150
240_L,240,L,L150,V150
240_M,240,M,L150,V150
240_N,240,N,L150,V150
240_S,240,S,L150,V150
240_T,240,T,L150,V150
240_V,240,V,L150,V150
240_X,240,X,L150,V150
241_-,241,-,Y151,Y151
241_A,241,A,Y151,Y151
241_C,241,C,Y151,Y151
241_E,241,E,Y151,Y151
241_F,241,F,Y151,Y151
241_H,241,H,Y151,Y151
241_I,241,I,Y151,Y151
241_K,241,K,Y151,Y151
241_L,241,L,Y151,Y151
241_M,241,M,Y151,Y151
241_N,241,N,Y151,Y151
241_Q,241,Q,Y151,Y151
241_R,241,R,Y151,Y151
241_S,241,S,Y151,Y151
241_T,241,T,Y151,Y151
241_V,241,V,Y151,Y151
241_Y,241,Y,Y151,Y151
242_-,242,-,P152,I152
242_A,242,A,P152,I152
242_C,242,C,P152,I152
242_E,242,E,P152,I152
242_F,242,F,P152,I152
242_G,242,G,P152,I152
242_I,242,I,P152,I152
242_K,242,K,P152,I152
242_L,242,L,P152,I152
242_M,242,M,P152,I152
242_P,242,P,P152,I152
242_Q,242,Q,P152,I152
242_T,242,T,P152,I152
242_V,242,V,P152,I152
242_X,242,X,P152,I152
242_Y,242,Y,P152,I152
243_-,243,-,-,M153
243_A,243,A,-,M153
243_D,243,D,-,M153
243_F,243,F,-,M153
243_I,243,I,-,M153
243_L,243,L,-,M153
243_M,243,M,-,M153
243_P,243,P,-,M153
243_R,243,R,-,M153
243_T,243,T,-,M153
243_V,243,V,-,M153
243_W,243,W,-,M153
244_-,244,-,-,A154
244_A,244,A,-,A154
244_D,244,D,-,A154
244_G,244,G,-,A154
244_P,244,P,-,A154
244_S,244,S,-,A154
244_T,244,T,-,A154
245_-,245,-,-,D155
245_D,245,D,-,D155
245_N,245,N,-,D155
245_V,245,V,-,D155
246_-,246,-,-,K156
246_D,246,D,-,K156
246_E,246,E,-,K156
246_G,246,G,-,K156
246_H,246,H,-,K156
246_K,246,K,-,K156
246_L,246,L,-,K156
246_M,246,M,-,K156
246_N,246,N,-,K156
246_P,246,P,-,K156
246_Q,246,Q,-,K156
246_R,246,R,-,K156
246_S,246,S,-,K156
246_T,246,T,-,K156
246_V,246,V,-,K156
247_-,247,-,R153,Q157
247_A,247,A,R153,Q157
247_C,247,C,R153,Q157
247_D,247,D,R153,Q157
247_E,247,E,R153,Q157
247_F,247,F,R153,Q157
247_G,247,G,R153,Q157
247_H,247,H,R153,Q157
247_K,247,K,R153,Q157
247_N,247,N,R153,Q157
247_Q,247,Q,R153,Q157
247_R,247,R,R153,Q157
247_S,247,S,R153,Q157
247_V,247,V,R153,Q157
247_W,247,W,R153,Q157
247_Y,247,Y,R153,Q157
248_-,248,-,D154,K158
248_D,248,D,D154,K158
248_E,248,E,D154,K158
248_G,248,G,D154,K158
248_K,248,K,D154,K158
248_N,248,N,D154,K158
248_P,248,P,D154,K158
248_Q,248,Q,D154,K158
248_R,248,R,D154,K158
248_S,248,S,D154,K158
248_V,248,V,D154,K158
249_-,249,-,G155,N159
249_C,249,C,G155,N159
249_D,249,D,G155,N159
249_E,249,E,G155,N159
249_G,249,G,G155,N159
249_H,249,H,G155,N159
249_K,249,K,G155,N159
249_M,249,M,G155,N159
249_N,249,N,G155,N159
249_S,249,S,G155,N159
249_T,249,T,G155,N159
250_-,250,-,V156,G160
250_A,250,A,V156,G160
250_C,250,C,V156,G160
250_D,250,D,V156,G160
250_F,250,F,V156,G160
250_G,250,G,V156,G160
250_I,250,I,V156,G160
250_L,250,L,V156,G160
250_M,250,M,V156,G160
250_N,250,N,V156,G160
250_S,250,S,V156,G160
250_T,250,T,V156,G160
250_V,250,V,V156,G160
250_W,250,W,V156,G160
251_-,251,-,L157,I161
251_I,251,I,L157,I161
251_L,251,L,L157,I161
251_M,251,M,L157,I161
251_Q,251,Q,L157,I161
251_V,251,V,L157,I161
251_Y,251,Y,L157,I161
252_-,252,-,K158,K162
252_A,252,A,K158,K162
252_C,252,C,K158,K162
252_D,252,D,K158,K162
252_E,252,E,K158,K162
252_G,252,G,K158,K162
252_I,252,I,K158,K162
252_K,252,K,K158,K162
252_L,252,L,K158,K162
252_M,252,M,K158,K162
252_N,252,N,K158,K162
252_Q,252,Q,K158,K162
252_R,252,R,K158,K162
252_T,252,T,K158,K162
252_V,252,V,K158,K162
252_Y,252,Y,K158,K162
253_-,253,-,G159,V163
253_A,253,A,G159,V163
253_C,253,C,G159,V163
253_D,253,D,G159,V163
253_G,253,G,G159,V163
253_I,253,I,G159,V163
253_L,253,L,G159,V163
253_M,253,M,G159,V163
253_N,253,N,G159,V163
253_Q,253,Q,G159,V163
253_S,253,S,G159,V163
253_V,253,V,G159,V163
254_-,254,-,E160,N164
254_A,254,A,E160,N164
254_C,254,C,E160,N164
254_D,254,D,E160,N164
254_E,254,E,E160,N164
254_F,254,F,E160,N164
254_H,254,H,E160,N164
254_I,254,I,E160,N164
254_K,254,K,E160,N164
254_L,254,L,E160,N164
254_N,254,N,E160,N164
254_Q,254,Q,E160,N164
254_R,254,R,E160,N164
254_S,254,S,E160,N164
254_T,254,T,E160,N164
254_V,254,V,E160,N164
254_Y,254,Y,E160,N164
255_-,255,-,I161,F165
255_A,255,A,I161,F165
255_C,255,C,I161,F165
255_D,255,D,I161,F165
255_E,255,E,I161,F165
255_F,255,F,I161,F165
255_G,255,G,I161,F165
255_I,255,I,I161,F165
255_L,255,L,I161,F165
255_M,255,M,I161,F165
255_N,255,N,I161,F165
255_R,255,R,I161,F165
255_S,255,S,I161,F165
255_T,255,T,I161,F165
255_V,255,V,I161,F165
255_Y,255,Y,I161,F165
256_-,256,-,H162,K166
256_A,256,A,H162,K166
256_C,256,C,H162,K166
256_D,256,D,H162,K166
256_E,256,E,H162,K166
256_F,256,F,H162,K166
256_G,256,G,H162,K166
256_H,256,H,H162,K166
256_I,256,I,H162,K166
256_K,256,K,H162,K166
256_L,256,L,H162,K166
256_M,256,M,H162,K166
256_N,256,N,H162,K166
256_P,256,P,H162,K166
256_Q,256,Q,H162,K166
256_R,256,R,H162,K166
256_S,256,S,H162,K166
256_T,256,T,H162,K166
256_V,256,V,H162,K166
256_Y,256,Y,H162,K166
257_-,257,-,K163,I167
257_A,257,A,K163,I167
257_C,257,C,K163,I167
257_D,257,D,K163,I167
257_E,257,E,K163,I167
257_G,257,G,K163,I167
257_H,257,H,K163,I167
257_I,257,I,K163,I167
257_K,257,K,K163,I167
257_L,257,L,K163,I167
257_M,257,M,K163,I167
257_N,257,N,K163,I167
257_P,257,P,K163,I167
257_Q,257,Q,K163,I167
257_R,257,R,K163,I167
257_S,257,S,K163,I167
257_T,257,T,K163,I167
257_V,257,V,K163,I167
257_W,257,W,K163,I167
257_Y,257,Y,K163,I167
258_-,258,-,A164,R168
258_A,258,A,A164,R168
258_C,258,C,A164,R168
258_E,258,E,A164,R168
258_F,258,F,A164,R168
258_G,258,G,A164,R168
258_H,258,H,A164,R168
258_I,258,I,A164,R168
258_K,258,K,A164,R168
258_L,258,L,A164,R168
258_M,258,M,A164,R168
258_N,258,N,A164,R168
258_P,258,P,A164,R168
258_R,258,R,A164,R168
258_S,258,S,A164,R168
258_T,258,T,A164,R168
258_V,258,V,A164,R168
258_W,258,W,A164,R168
258_Y,258,Y,A164,R168
259_-,259,-,L165,H169
259_C,259,C,L165,H169
259_F,259,F,L165,H169
259_H,259,H,L165,H169
259_I,259,I,L165,H169
259_L,259,L,L165,H169
259_S,259,S,L165,H169
259_T,259,T,L165,H169
259_V,259,V,L165,H169
259_W,259,W,L165,H169
259_Y,259,Y,L165,H169
260_-,260,-,K166,N170
260_C,260,C,K166,N170
260_D,260,D,K166,N170
260_E,260,E,K166,N170
260_K,260,K,K166,N170
260_L,260,L,K166,N170
260_M,260,M,K166,N170
260_N,260,N,K166,N170
260_P,260,P,K166,N170
260_Q,260,Q,K166,N170
260_R,260,R,K166,N170
260_S,260,S,K166,N170
260_T,260,T,K166,N170
260_V,260,V,K166,N170
261_-,261,-,L167,I171
261_C,261,C,L167,I171
261_I,261,I,L167,I171
261_K,261,K,L167,I171
261_L,261,L,L167,I171
261_Q,261,Q,L167,I171
261_T,261,T,L167,I171
261_V,261,V,L167,I171
262_-,262,-,K168,E172
262_A,262,A,K168,E172
262_D,262,D,K168,E172
262_E,262,E,K168,E172
262_G,262,G,K168,E172
262_I,262,I,K168,E172
262_K,262,K,K168,E172
262_L,262,L,K168,E172
262_M,262,M,K168,E172
262_P,262,P,K168,E172
262_Q,262,Q,K168,E172
262_R,262,R,K168,E172
262_S,262,S,K168,E172
262_T,262,T,K168,E172
262_V,262,V,K168,E172
262_X,262,X,K168,E172
263_-,263,-,-,-
263_G,263,G,-,-
263_N,263,N,-,-
264_-,264,-,D169,D173
264_D,264,D,D169,D173
264_E,264,E,D169,D173
264_G,264,G,D169,D173
264_N,264,N,D169,D173
264_S,264,S,D169,D173
264_T,264,T,D169,D173
265_-,265,-,G170,G174
265_D,265,D,G170,G174
265_E,265,E,G170,G174
265_G,265,G,G170,G174
265_K,265,K,G170,G174
265_N,265,N,G170,G174
265_R,265,R,G170,G174
265_S,265,S,G170,G174
265_V,265,V,G170,G174
266_-,266,-,-,-
266_A,266,A,-,-
267_-,267,-,G171,S175
267_A,267,A,G171,S175
267_D,267,D,G171,S175
267_G,267,G,G171,S175
267_H,267,H,G171,S175
267_I,267,I,G171,S175
267_K,267,K,G171,S175
267_N,267,N,G171,S175
267_P,267,P,G171,S175
267_Q,267,Q,G171,S175
267_R,267,R,G171,S175
267_S,267,S,G171,S175
267_T,267,T,G171,S175
267_V,267,V,G171,S175
267_Y,267,Y,G171,S175
268_-,268,-,H172,V176
268_E,268,E,H172,V176
268_F,268,F,H172,V176
268_G,268,G,H172,V176
268_H,268,H,H172,V176
268_I,268,I,H172,V176
268_K,268,K,H172,V176
268_L,268,L,H172,V176
268_N,268,N,H172,V176
268_P,268,P,H172,V176
268_Q,268,Q,H172,V176
268_R,268,R,H172,V176
268_S,268,S,H172,V176
268_T,268,T,H172,V176
268_V,268,V,H172,V176
268_Y,268,Y,H172,V176
269_-,269,-,Y173,-
269_D,269,D,Y173,-
269_F,269,F,Y173,-
269_H,269,H,Y173,-
269_L,269,L,Y173,-
269_M,269,M,Y173,-
269_N,269,N,Y173,-
269_Q,269,Q,Y173,-
269_Y,269,Y,Y173,-
270_-,270,-,L174,-
270_A,270,A,L174,-
270_D,270,D,L174,-
270_E,270,E,L174,-
270_F,270,F,L174,-
270_H,270,H,L174,-
270_I,270,I,L174,-
270_K,270,K,L174,-
270_L,270,L,L174,-
270_M,270,M,L174,-
270_Q,270,Q,L174,-
270_R,270,R,L174,-
270_S,270,S,L174,-
270_T,270,T,L174,-
270_Y,270,Y,L174,-
271_-,271,-,V175,-
271_A,271,A,V175,-
271_C,271,C,V175,-
271_F,271,F,V175,-
271_G,271,G,V175,-
271_I,271,I,V175,-
271_S,271,S,V175,-
271_T,271,T,V175,-
271_V,271,V,V175,-
271_X,271,X,V175,-
271_Y,271,Y,V175,-
272_-,272,-,E176,Q177
272_D,272,D,E176,Q177
272_E,272,E,E176,Q177
272_F,272,F,E176,Q177
272_H,272,H,E176,Q177
272_I,272,I,E176,Q177
272_K,272,K,E176,Q177
272_L,272,L,E176,Q177
272_M,272,M,E176,Q177
272_N,272,N,E176,Q177
272_Q,272,Q,E176,Q177
272_R,272,R,E176,Q177
272_S,272,S,E176,Q177
272_T,272,T,E176,Q177
272_V,272,V,E176,Q177
272_Y,272,Y,E176,Q177
273_-,273,-,F177,L178
273_A,273,A,F177,L178
273_C,273,C,F177,L178
273_F,273,F,F177,L178
273_H,273,H,F177,L178
273_I,273,I,F177,L178
273_L,273,L,F177,L178
273_M,273,M,F177,L178
273_S,273,S,F177,L178
273_T,273,T,F177,L178
273_V,273,V,F177,L178
273_X,273,X,F177,L178
273_Y,273,Y,F177,L178
274_-,274,-,K178,A179
274_A,274,A,K178,A179
274_D,274,D,K178,A179
274_E,274,E,K178,A179
274_G,274,G,K178,A179
274_H,274,H,K178,A179
274_K,274,K,K178,A179
274_N,274,N,K178,A179
274_Q,274,Q,K178,A179
274_R,274,R,K178,A179
274_S,274,S,K178,A179
274_T,274,T,K178,A179
274_V,274,V,K178,A179
274_W,274,W,K178,A179
274_Y,274,Y,K178,A179
275_-,275,-,S179,D180
275_A,275,A,S179,D180
275_D,275,D,S179,D180
275_H,275,H,S179,D180
275_I,275,I,S179,D180
275_N,275,N,S179,D180
275_P,275,P,S179,D180
275_R,275,R,S179,D180
275_S,275,S,S179,D180
275_T,275,T,S179,D180
275_Y,275,Y,S179,D180
276_-,276,-,I180,H181
276_A,276,A,I180,H181
276_F,276,F,I180,H181
276_H,276,H,I180,H181
276_I,276,I,I180,H181
276_K,276,K,I180,H181
276_L,276,L,I180,H181
276_N,276,N,I180,H181
276_Q,276,Q,I180,H181
276_S,276,S,I180,H181
276_T,276,T,I180,H181
276_V,276,V,I180,H181
277_-,277,-,-,-
277_C,277,C,-,-
277_F,277,F,-,-
278_-,278,-,Y181,Y182
278_A,278,A,Y181,Y182
278_D,278,D,Y181,Y182
278_E,278,E,Y181,Y182
278_F,278,F,Y181,Y182
278_H,278,H,Y181,Y182
278_I,278,I,Y181,Y182
278_L,278,L,Y181,Y182
278_M,278,M,Y181,Y182
278_Q,278,Q,Y181,Y182
278_R,278,R,Y181,Y182
278_S,278,S,Y181,Y182
278_T,278,T,Y181,Y182
278_V,278,V,Y181,Y182
278_Y,278,Y,Y181,Y182
279_-,279,-,M182,Q183
279_C,279,C,M182,Q183
279_D,279,D,M182,Q183
279_E,279,E,M182,Q183
279_G,279,G,M182,Q183
279_H,279,H,M182,Q183
279_I,279,I,M182,Q183
279_K,279,K,M182,Q183
279_M,279,M,M182,Q183
279_Q,279,Q,M182,Q183
279_R,279,R,M182,Q183
279_S,279,S,M182,Q183
279_T,279,T,M182,Q183
280_-,280,-,A183,Q184
280_A,280,A,A183,Q184
280_F,280,F,A183,Q184
280_G,280,G,A183,Q184
280_I,280,I,A183,Q184
280_K,280,K,A183,Q184
280_L,280,L,A183,Q184
280_M,280,M,A183,Q184
280_P,280,P,A183,Q184
280_Q,280,Q,A183,Q184
280_R,280,R,A183,Q184
280_S,280,S,A183,Q184
280_T,280,T,A183,Q184
280_V,280,V,A183,Q184
281_-,281,-,-,-
281_A,281,A,-,-
281_K,281,K,-,-
281_R,281,R,-,-
282_-,282,-,K184,N185
282_A,282,A,K184,N185
282_D,282,D,K184,N185
282_E,282,E,K184,N185
282_G,282,G,K184,N185
282_H,282,H,K184,N185
282_I,282,I,K184,N185
282_K,282,K,K184,N185
282_L,282,L,K184,N185
282_M,282,M,K184,N185
282_N,282,N,K184,N185
282_Q,282,Q,K184,N185
282_R,282,R,K184,N185
282_V,282,V,K184,N185
283_-,283,-,-,-
283_D,283,D,-,-
283_E,283,E,-,-
283_G,283,G,-,-
283_N,283,N,-,-
283_Q,283,Q,-,-
283_S,283,S,-,-
283_T,283,T,-,-
284_-,284,-,K185,T186
284_D,284,D,K185,T186
284_E,284,E,K185,T186
284_G,284,G,K185,T186
284_I,284,I,K185,T186
284_K,284,K,K185,T186
284_N,284,N,K185,T186
284_R,284,R,K185,T186
284_S,284,S,K185,T186
284_T,284,T,K185,T186
284_V,284,V,K185,T186
284_Y,284,Y,K185,T186
285_-,285,-,P186,P187
285_A,285,A,P186,P187
285_D,285,D,P186,P187
285_E,285,E,P186,P187
285_F,285,F,P186,P187
285_G,285,G,P186,P187
285_K,285,K,P186,P187
285_N,285,N,P186,P187
285_P,285,P,P186,P187
285_R,285,R,P186,P187
285_S,285,S,P186,P187
285_T,285,T,P186,P187
285_V,285,V,P186,P187
286_-,286,-,-,I188
286_A,286,A,-,I188
286_C,286,C,-,I188
286_D,286,D,-,I188
286_E,286,E,-,I188
286_F,286,F,-,I188
286_I,286,I,-,I188
286_L,286,L,-,I188
286_M,286,M,-,I188
286_N,286,N,-,I188
286_S,286,S,-,I188
286_V,286,V,-,I188
287_-,287,-,-,G189
287_A,287,A,-,G189
287_G,287,G,-,G189
287_H,287,H,-,G189
287_K,287,K,-,G189
287_P,287,P,-,G189
287_R,287,R,-,G189
287_S,287,S,-,G189
288_-,288,-,-,D190
288_A,288,A,-,D190
288_D,288,D,-,D190
288_E,288,E,-,D190
288_G,288,G,-,D190
288_K,288,K,-,D190
288_P,288,P,-,D190
288_Q,288,Q,-,D190
288_S,288,S,-,D190
288_T,288,T,-,D190
289_-,289,-,-,-
289_E,289,E,-,-
289_Q,289,Q,-,-
289_S,289,S,-,-
290_-,290,-,-,G191
290_A,290,A,-,G191
290_D,290,D,-,G191
290_E,290,E,-,G191
290_G,290,G,-,G191
290_K,290,K,-,G191
290_N,290,N,-,G191
290_R,290,R,-,G191
290_S,290,S,-,G191
290_T,290,T,-,G191
290_W,290,W,-,G191
291_-,291,-,-,P192
291_A,291,A,-,P192
291_D,291,D,-,P192
291_E,291,E,-,P192
291_I,291,I,-,P192
291_K,291,K,-,P192
291_L,291,L,-,P192
291_M,291,M,-,P192
291_N,291,N,-,P192
291_P,291,P,-,P192
291_R,291,R,-,P192
291_S,291,S,-,P192
291_T,291,T,-,P192
291_V,291,V,-,P192
292_-,292,-,V187,V193
292_A,292,A,V187,V193
292_E,292,E,V187,V193
292_F,292,F,V187,V193
292_G,292,G,V187,V193
292_I,292,I,V187,V193
292_L,292,L,V187,V193
292_M,292,M,V187,V193
292_P,292,P,V187,V193
292_S,292,S,V187,V193
292_T,292,T,V187,V193
292_V,292,V,V187,V193
292_Y,292,Y,V187,V193
293_-,293,-,-,-
293_L,293,L,-,-
293_P,293,P,-,-
293_R,293,R,-,-
294_-,294,-,-,-
294_H,294,H,-,-
295_-,295,-,-,-
295_G,295,G,-,-
295_H,295,H,-,-
295_K,295,K,-,-
295_L,295,L,-,-
295_M,295,M,-,-
295_P,295,P,-,-
295_Q,295,Q,-,-
295_S,295,S,-,-
296_-,296,-,-,-
296_E,296,E,-,-
296_K,296,K,-,-
296_N,296,N,-,-
296_Q,296,Q,-,-
296_T,296,T,-,-
297_-,297,-,Q188,L194
297_A,297,A,Q188,L194
297_D,297,D,Q188,L194
297_E,297,E,Q188,L194
297_G,297,G,Q188,L194
297_H,297,H,Q188,L194
297_I,297,I,Q188,L194
297_K,297,K,Q188,L194
297_L,297,L,Q188,L194
297_M,297,M,Q188,L194
297_N,297,N,Q188,L194
297_P,297,P,Q188,L194
297_Q,297,Q,Q188,L194
297_R,297,R,Q188,L194
297_S,297,S,Q188,L194
297_T,297,T,Q188,L194
297_V,297,V,Q188,L194
298_-,298,-,L189,L195
298_F,298,F,L189,L195
298_G,298,G,L189,L195
298_I,298,I,L189,L195
298_L,298,L,L189,L195
298_M,298,M,L189,L195
298_P,298,P,L189,L195
298_Q,298,Q,L189,L195
298_V,298,V,L189,L195
298_Y,298,Y,L189,L195
299_-,299,-,P190,P196
299_L,299,L,P190,P196
299_P,299,P,P190,P196
299_S,299,S,P190,P196
300_-,300,-,-,-
300_T,300,T,-,-
301_-,301,-,G191,D197
301_D,301,D,G191,D197
301_E,301,E,G191,D197
301_G,301,G,G191,D197
301_H,301,H,G191,D197
301_I,301,I,G191,D197
301_K,301,K,G191,D197
301_L,301,L,G191,D197
301_M,301,M,G191,D197
301_N,301,N,G191,D197
301_P,301,P,G191,D197
301_Q,301,Q,G191,D197
301_R,301,R,G191,D197
301_S,301,S,G191,D197
301_T,301,T,G191,D197
301_X,301,X,G191,D197
302_-,302,-,Y192,N198
302_A,302,A,Y192,N198
302_D,302,D,Y192,N198
302_E,302,E,Y192,N198
302_F,302,F,Y192,N198
302_G,302,G,Y192,N198
302_I,302,I,Y192,N198
302_K,302,K,Y192,N198
302_L,302,L,Y192,N198
302_N,302,N,Y192,N198
302_P,302,P,Y192,N198
302_R,302,R,Y192,N198
302_S,302,S,Y192,N198
302_T,302,T,Y192,N198
302_V,302,V,Y192,N198
302_W,302,W,Y192,N198
302_Y,302,Y,Y192,N198
303_-,303,-,-,-
303_K,303,K,-,-
304_-,304,-,-,-
304_L,304,L,-,-
305_-,305,-,-,-
305_Y,305,Y,-,-
306_-,306,-,Y193,H199
306_H,306,H,Y193,H199
306_I,306,I,Y193,H199
306_M,306,M,Y193,H199
306_V,306,V,Y193,H199
306_Y,306,Y,Y193,H199
307_-,307,-,Y194,Y200
307_A,307,A,Y194,Y200
307_C,307,C,Y194,Y200
307_D,307,D,Y194,Y200
307_E,307,E,Y194,Y200
307_F,307,F,Y194,Y200
307_H,307,H,Y194,Y200
307_I,307,I,Y194,Y200
307_K,307,K,Y194,Y200
307_L,307,L,Y194,Y200
307_M,307,M,Y194,Y200
307_N,307,N,Y194,Y200
307_Q,307,Q,Y194,Y200
307_S,307,S,Y194,Y200
307_T,307,T,Y194,Y200
307_V,307,V,Y194,Y200
307_Y,307,Y,Y194,Y200
308_-,308,-,V195,L201
308_A,308,A,V195,L201
308_C,308,C,V195,L201
308_E,308,E,V195,L201
308_G,308,G,V195,L201
308_H,308,H,V195,L201
308_I,308,I,V195,L201
308_L,308,L,V195,L201
308_M,308,M,V195,L201
308_T,308,T,V195,L201
308_V,308,V,V195,L201
308_Y,308,Y,V195,L201
309_-,309,-,D196,S202
309_C,309,C,D196,S202
309_D,309,D,D196,S202
309_E,309,E,D196,S202
309_F,309,F,D196,S202
309_G,309,G,D196,S202
309_H,309,H,D196,S202
309_K,309,K,D196,S202
309_N,309,N,D196,S202
309_Q,309,Q,D196,S202
309_S,309,S,D196,S202
309_T,309,T,D196,S202
309_V,309,V,D196,S202
309_W,309,W,D196,S202
309_Y,309,Y,D196,S202
310_-,310,-,S197,T203
310_A,310,A,S197,T203
310_C,310,C,S197,T203
310_E,310,E,S197,T203
310_F,310,F,S197,T203
310_G,310,G,S197,T203
310_H,310,H,S197,T203
310_I,310,I,S197,T203
310_K,310,K,S197,T203
310_L,310,L,S197,T203
310_N,310,N,S197,T203
310_R,310,R,S197,T203
310_S,310,S,S197,T203
310_T,310,T,S197,T203
310_V,310,V,S197,T203
310_W,310,W,S197,T203
310_Y,310,Y,S197,T203
311_-,311,-,K198,Q204
311_A,311,A,K198,Q204
311_C,311,C,K198,Q204
311_E,311,E,K198,Q204
311_G,311,G,K198,Q204
311_H,311,H,K198,Q204
311_I,311,I,K198,Q204
311_K,311,K,K198,Q204
311_Q,311,Q,K198,Q204
311_R,311,R,K198,Q204
311_S,311,S,K198,Q204
311_T,311,T,K198,Q204
311_V,311,V,K198,Q204
311_W,311,W,K198,Q204
312_-,312,-,L199,S205
312_C,312,C,L199,S205
312_I,312,I,L199,S205
312_L,312,L,L199,S205
312_M,312,M,L199,S205
312_N,312,N,L199,S205
312_S,312,S,L199,S205
312_T,312,T,L199,S205
312_V,312,V,L199,S205
313_-,313,-,-,-
313_V,313,V,-,-
314_-,314,-,D200,A206
314_A,314,A,D200,A206
314_D,314,D,D200,A206
314_E,314,E,D200,A206
314_F,314,F,D200,A206
314_H,314,H,D200,A206
314_I,314,I,D200,A206
314_K,314,K,D200,A206
314_L,314,L,D200,A206
314_M,314,M,D200,A206
314_N,314,N,D200,A206
314_Q,314,Q,D200,A206
314_S,314,S,D200,A206
314_T,314,T,D200,A206
314_V,314,V,D200,A206
315_-,315,-,I201,L207
315_C,315,C,I201,L207
315_E,315,E,I201,L207
315_F,315,F,I201,L207
315_I,315,I,I201,L207
315_K,315,K,I201,L207
315_L,315,L,I201,L207
315_M,315,M,I201,L207
315_Q,315,Q,I201,L207
315_R,315,R,I201,L207
315_S,315,S,I201,L207
315_T,315,T,I201,L207
315_V,315,V,I201,L207
315_Y,315,Y,I201,L207
316_-,316,-,T202,S208
316_D,316,D,T202,S208
316_E,316,E,T202,S208
316_F,316,F,T202,S208
316_G,316,G,T202,S208
316_I,316,I,T202,S208
316_K,316,K,T202,S208
316_L,316,L,T202,S208
316_M,316,M,T202,S208
316_N,316,N,T202,S208
316_P,316,P,T202,S208
316_Q,316,Q,T202,S208
316_R,316,R,T202,S208
316_S,316,S,T202,S208
316_T,316,T,T202,S208
316_V,316,V,T202,S208
316_W,316,W,T202,S208
317_-,317,-,S203,K209
317_A,317,A,S203,K209
317_D,317,D,S203,K209
317_E,317,E,S203,K209
317_G,317,G,S203,K209
317_H,317,H,S203,K209
317_K,317,K,S203,K209
317_L,317,L,S203,K209
317_N,317,N,S203,K209
317_Q,317,Q,S203,K209
317_R,317,R,S203,K209
317_S,317,S,S203,K209
317_T,317,T,S203,K209
317_Y,317,Y,S203,K209
318_-,318,-,H204,D210
318_D,318,D,H204,D210
318_E,318,E,H204,D210
318_H,318,H,H204,D210
318_I,318,I,H204,D210
318_K,318,K,H204,D210
318_L,318,L,H204,D210
318_N,318,N,H204,D210
318_P,318,P,H204,D210
318_Q,318,Q,H204,D210
318_R,318,R,H204,D210
318_S,318,S,H204,D210
318_T,318,T,H204,D210
318_V,318,V,H204,D210
318_Y,318,Y,H204,D210
319_-,319,-,N205,P211
319_A,319,A,N205,P211
319_B,319,B,N205,P211
319_D,319,D,N205,P211
319_E,319,E,N205,P211
319_G,319,G,N205,P211
319_H,319,H,N205,P211
319_K,319,K,N205,P211
319_L,319,L,N205,P211
319_N,319,N,N205,P211
319_P,319,P,N205,P211
319_Q,319,Q,N205,P211
319_R,319,R,N205,P211
319_S,319,S,N205,P211
319_T,319,T,N205,P211
319_V,319,V,N205,P211
320_-,320,-,E206,N212
320_D,320,D,E206,N212
320_E,320,E,E206,N212
320_G,320,G,E206,N212
320_H,320,H,E206,N212
320_I,320,I,E206,N212
320_K,320,K,E206,N212
320_N,320,N,E206,N212
320_P,320,P,E206,N212
320_Q,320,Q,E206,N212
320_R,320,R,E206,N212
320_S,320,S,E206,N212
320_T,320,T,E206,N212
320_V,320,V,E206,N212
321_-,321,-,D207,E213
321_A,321,A,D207,E213
321_D,321,D,D207,E213
321_E,321,E,D207,E213
321_G,321,G,D207,E213
321_K,321,K,D207,E213
321_N,321,N,D207,E213
321_P,321,P,D207,E213
321_Q,321,Q,D207,E213
321_R,321,R,D207,E213
321_S,321,S,D207,E213
321_T,321,T,D207,E213
321_V,321,V,D207,E213
321_Y,321,Y,D207,E213
322_-,322,-,-,K214
322_A,322,A,-,K214
322_D,322,D,-,K214
322_E,322,E,-,K214
322_H,322,H,-,K214
322_K,322,K,-,K214
322_N,322,N,-,K214
322_P,322,P,-,K214
322_Q,322,Q,-,K214
322_R,322,R,-,K214
322_S,322,S,-,K214
322_T,322,T,-,K214
323_-,323,-,-,R215
323_E,323,E,-,R215
323_K,323,K,-,R215
323_L,323,L,-,R215
323_M,323,M,-,R215
323_N,323,N,-,R215
323_R,323,R,-,R215
324_-,324,-,Y208,-
324_A,324,A,Y208,-
324_D,324,D,Y208,-
324_E,324,E,Y208,-
324_F,324,F,Y208,-
324_G,324,G,Y208,-
324_H,324,H,Y208,-
324_K,324,K,Y208,-
324_N,324,N,Y208,-
324_S,324,S,Y208,-
324_T,324,T,Y208,-
324_W,324,W,Y208,-
324_Y,324,Y,Y208,-
325_-,325,-,T209,D216
325_A,325,A,T209,D216
325_D,325,D,T209,D216
325_E,325,E,T209,D216
325_F,325,F,T209,D216
325_G,325,G,T209,D216
325_K,325,K,T209,D216
325_L,325,L,T209,D216
325_M,325,M,T209,D216
325_N,325,N,T209,D216
325_Q,325,Q,T209,D216
325_R,325,R,T209,D216
325_S,325,S,T209,D216
325_T,325,T,T209,D216
326_-,326,-,I210,H217
326_A,326,A,I210,H217
326_C,326,C,I210,H217
326_E,326,E,I210,H217
326_F,326,F,I210,H217
326_H,326,H,I210,H217
326_I,326,I,I210,H217
326_K,326,K,I210,H217
326_M,326,M,I210,H217
326_N,326,N,I210,H217
326_P,326,P,I210,H217
326_Q,326,Q,I210,H217
326_R,326,R,I210,H217
326_S,326,S,I210,H217
326_T,326,T,I210,H217
326_V,326,V,I210,H217
326_X,326,X,I210,H217
326_Y,326,Y,I210,H217
327_-,327,-,V211,M218
327_A,327,A,V211,M218
327_F,327,F,V211,M218
327_I,327,I,V211,M218
327_K,327,K,V211,M218
327_L,327,L,V211,M218
327_M,327,M,V211,M218
327_T,327,T,V211,M218
327_V,327,V,V211,M218
327_W,327,W,V211,M218
327_Y,327,Y,V211,M218
328_-,328,-,E212,V219
328_A,328,A,E212,V219
328_C,328,C,E212,V219
328_D,328,D,E212,V219
328_E,328,E,E212,V219
328_G,328,G,E212,V219
328_H,328,H,E212,V219
328_I,328,I,E212,V219
328_K,328,K,E212,V219
328_L,328,L,E212,V219
328_M,328,M,E212,V219
328_N,328,N,E212,V219
328_Q,328,Q,E212,V219
328_R,328,R,E212,V219
328_S,328,S,E212,V219
328_T,328,T,E212,V219
328_V,328,V,E212,V219
329_-,329,-,Q213,L220
329_A,329,A,Q213,L220
329_D,329,D,Q213,L220
329_E,329,E,Q213,L220
329_F,329,F,Q213,L220
329_I,329,I,Q213,L220
329_L,329,L,Q213,L220
329_M,329,M,Q213,L220
329_Q,329,Q,Q213,L220
329_V,329,V,Q213,L220
329_Y,329,Y,Q213,L220
330_-,330,-,Y214,L221
330_A,330,A,Y214,L221
330_C,330,C,Y214,L221
330_D,330,D,Y214,L221
330_E,330,E,Y214,L221
330_F,330,F,Y214,L221
330_H,330,H,Y214,L221
330_I,330,I,Y214,L221
330_K,330,K,Y214,L221
330_L,330,L,Y214,L221
330_M,330,M,Y214,L221
330_N,330,N,Y214,L221
330_Q,330,Q,Y214,L221
330_R,330,R,Y214,L221
330_S,330,S,Y214,L221
330_T,330,T,Y214,L221
330_V,330,V,Y214,L221
330_Y,330,Y,Y214,L221
331_-,331,-,E215,E222
331_A,331,A,E215,E222
331_D,331,D,E215,E222
331_E,331,E,E215,E222
331_G,331,G,E215,E222
331_Q,331,Q,E215,E222
332_-,332,-,R216,F223
332_A,332,A,R216,F223
332_D,332,D,R216,F223
332_F,332,F,R216,F223
332_G,332,G,R216,F223
332_H,332,H,R216,F223
332_I,332,I,R216,F223
332_K,332,K,R216,F223
332_L,332,L,R216,F223
332_M,332,M,R216,F223
332_N,332,N,R216,F223
332_Q,332,Q,R216,F223
332_R,332,R,R216,F223
332_S,332,S,R216,F223
332_T,332,T,R216,F223
332_V,332,V,R216,F223
332_W,332,W,R216,F223
332_Y,332,Y,R216,F223
333_-,333,-,T217,V224
333_A,333,A,T217,V224
333_C,333,C,T217,V224
333_E,333,E,T217,V224
333_F,333,F,T217,V224
333_G,333,G,T217,V224
333_I,333,I,T217,V224
333_K,333,K,T217,V224
333_L,333,L,T217,V224
333_N,333,N,T217,V224
333_Q,333,Q,T217,V224
333_R,333,R,T217,V224
333_S,333,S,T217,V224
333_T,333,T,T217,V224
333_V,333,V,T217,V224
334_-,334,-,E218,T225
334_A,334,A,E218,T225
334_C,334,C,E218,T225
334_E,334,E,E218,T225
334_F,334,F,E218,T225
334_H,334,H,E218,T225
334_I,334,I,E218,T225
334_K,334,K,E218,T225
334_L,334,L,E218,T225
334_N,334,N,E218,T225
334_Q,334,Q,E218,T225
334_R,334,R,E218,T225
334_S,334,S,E218,T225
334_T,334,T,E218,T225
334_V,334,V,E218,T225
334_W,334,W,E218,T225
334_Y,334,Y,E218,T225
335_-,335,-,G219,A226
335_A,335,A,G219,A226
335_G,335,G,G219,A226
335_I,335,I,G219,A226
335_T,335,T,G219,A226
335_V,335,V,G219,A226
336_-,336,-,R220,A227
336_A,336,A,R220,A227
336_C,336,C,R220,A227
336_F,336,F,R220,A227
336_G,336,G,R220,A227
336_H,336,H,R220,A227
336_I,336,I,R220,A227
336_K,336,K,R220,A227
336_L,336,L,R220,A227
336_Q,336,Q,R220,A227
336_R,336,R,R220,A227
336_S,336,S,R220,A227
336_V,336,V,R220,A227
336_Y,336,Y,R220,A227
337_-,337,-,H221,G228
337_A,337,A,H221,G228
337_C,337,C,H221,G228
337_D,337,D,H221,G228
337_E,337,E,H221,G228
337_F,337,F,H221,G228
337_G,337,G,H221,G228
337_H,337,H,H221,G228
337_I,337,I,H221,G228
337_K,337,K,H221,G228
337_L,337,L,H221,G228
337_N,337,N,H221,G228
337_P,337,P,H221,G228
337_Q,337,Q,H221,G228
337_R,337,R,H221,G228
337_S,337,S,H221,G228
337_T,337,T,H221,G228
337_V,337,V,H221,G228
337_Y,337,Y,H221,G228
338_-,338,-,-,-
338_Q,338,Q,-,-
339_-,339,-,-,I229
339_A,339,A,-,I229
339_C,339,C,-,I229
339_F,339,F,-,I229
339_H,339,H,-,I229
339_I,339,I,-,I229
339_L,339,L,-,I229
339_P,339,P,-,I229
339_V,339,V,-,I229
340_-,340,-,H222,T230
340_A,340,A,H222,T230
340_C,340,C,H222,T230
340_D,340,D,H222,T230
340_E,340,E,H222,T230
340_F,340,F,H222,T230
340_G,340,G,H222,T230
340_H,340,H,H222,T230
340_I,340,I,H222,T230
340_K,340,K,H222,T230
340_L,340,L,H222,T230
340_N,340,N,H222,T230
340_P,340,P,H222,T230
340_Q,340,Q,H222,T230
340_R,340,R,H222,T230
340_S,340,S,H222,T230
340_T,340,T,H222,T230
340_W,340,W,H222,T230
340_Y,340,Y,H222,T230
341_-,341,-,L223,-
341_L,341,L,L223,-
341_P,341,P,L223,-
341_T,341,T,L223,-
342_-,342,-,F224,-
342_F,342,F,F224,-
342_I,342,I,F224,-
343_-,343,-,-,-
343_G,343,G,-,-
343_K,343,K,-,-
344_-,344,-,-,-
344_K,344,K,-,-
345_-,345,-,-,-
345_I,345,I,-,-
345_P,345,P,-,-
346_-,346,-,L225,-
346_E,346,E,L225,-
346_I,346,I,L225,-
346_L,346,L,L225,-
346_Q,346,Q,L225,-
347_-,347,-,-,-
347_D,347,D,-,-
347_E,347,E,-,-
347_G,347,G,-,-
347_K,347,K,-,-
348_-,348,-,-,-
348_A,348,A,-,-
348_C,348,C,-,-
348_D,348,D,-,-
348_E,348,E,-,-
348_G,348,G,-,-
348_H,348,H,-,-
348_I,348,I,-,-
348_K,348,K,-,-
348_L,348,L,-,-
348_M,348,M,-,-
348_N,348,N,-,-
348_P,348,P,-,-
348_Q,348,Q,-,-
348_S,348,S,-,-
348_T,348,T,-,-
348_V,348,V,-,-
349_-,349,-,-,-
349_A,349,A,-,-
349_F,349,F,-,-
349_G,349,G,-,-
349_I,349,I,-,-
349_L,349,L,-,-
349_M,349,M,-,-
349_T,349,T,-,-
349_V,349,V,-,-
350_-,350,-,-,-
350_A,350,A,-,-
350_E,350,E,-,-
350_G,350,G,-,-
350_H,350,H,-,-
350_K,350,K,-,-
350_N,350,N,-,-
350_P,350,P,-,-
350_Q,350,Q,-,-
350_R,350,R,-,-
350_S,350,S,-,-
350_T,350,T,-,-
350_V,350,V,-,-
350_Y,350,Y,-,-
351_-,351,-,-,-
351_E,351,E,-,-
351_K,351,K,-,-
351_S,351,S,-,-
352_-,352,-,-,-
352_A,352,A,-,-
352_D,352,D,-,-
352_E,352,E,-,-
352_F,352,F,-,-
352_G,352,G,-,-
352_I,352,I,-,-
352_K,352,K,-,-
352_P,352,P,-,-
352_R,352,R,-,-
352_S,352,S,-,-
352_T,352,T,-,-
352_V,352,V,-,-
353_-,353,-,-,-
353_A,353,A,-,-
353_C,353,C,-,-
353_D,353,D,-,-
353_E,353,E,-,-
353_F,353,F,-,-
353_G,353,G,-,-
353_I,353,I,-,-
353_K,353,K,-,-
353_L,353,L,-,-
353_M,353,M,-,-
353_N,353,N,-,-
353_P,353,P,-,-
353_Q,353,Q,-,-
353_R,353,R,-,-
353_S,353,S,-,-
353_T,353,T,-,-
353_V,353,V,-,-
354_-,354,-,-,-
354_A,354,A,-,-
354_D,354,D,-,-
354_E,354,E,-,-
354_F,354,F,-,-
354_G,354,G,-,-
354_I,354,I,-,-
354_K,354,K,-,-
354_L,354,L,-,-
354_M,354,M,-,-
354_N,354,N,-,-
354_P,354,P,-,-
354_Q,354,Q,-,-
354_S,354,S,-,-
354_T,354,T,-,-
354_V,354,V,-,-
355_-,355,-,-,-
355_A,355,A,-,-
355_C,355,C,-,-
355_D,355,D,-,-
355_G,355,G,-,-
355_K,355,K,-,-
355_N,355,N,-,-
355_P,355,P,-,-
355_Q,355,Q,-,-
355_S,355,S,-,-
355_T,355,T,-,-
355_V,355,V,-,-
355_Y,355,Y,-,-
356_-,356,-,-,-
356_A,356,A,-,-
356_D,356,D,-,-
356_E,356,E,-,-
356_G,356,G,-,-
356_H,356,H,-,-
356_K,356,K,-,-
356_N,356,N,-,-
356_Q,356,Q,-,-
356_R,356,R,-,-
356_S,356,S,-,-
356_V,356,V,-,-
356_W,356,W,-,-
357_-,357,-,-,-
357_A,357,A,-,-
357_E,357,E,-,-
357_G,357,G,-,-
357_H,357,H,-,-
357_K,357,K,-,-
357_L,357,L,-,-
357_M,357,M,-,-
357_N,357,N,-,-
357_Q,357,Q,-,-
357_R,357,R,-,-
357_S,357,S,-,-
357_V,357,V,-,-
357_Y,357,Y,-,-
358_-,358,-,-,-
358_E,358,E,-,-
358_I,358,I,-,-
358_L,358,L,-,-
358_R,358,R,-,-
358_T,358,T,-,-
358_V,358,V,-,-
359_-,359,-,-,H231
359_A,359,A,-,H231
359_E,359,E,-,H231
359_F,359,F,-,H231
359_H,359,H,-,H231
359_K,359,K,-,H231
359_L,359,L,-,H231
359_M,359,M,-,H231
359_N,359,N,-,H231
359_P,359,P,-,H231
359_Q,359,Q,-,H231
359_R,359,R,-,H231
359_S,359,S,-,H231
359_T,359,T,-,H231
359_V,359,V,-,H231
360_-,360,-,-,G232
360_A,360,A,-,G232
360_D,360,D,-,G232
360_E,360,E,-,G232
360_G,360,G,-,G232
360_I,360,I,-,G232
360_K,360,K,-,G232
360_S,360,S,-,G232
360_T,360,T,-,G232
360_Y,360,Y,-,G232
361_-,361,-,-,M233
361_A,361,A,-,M233
361_K,361,K,-,M233
361_M,361,M,-,M233
361_N,361,N,-,M233
361_P,361,P,-,M233
361_Q,361,Q,-,M233
361_R,361,R,-,M233
361_S,361,S,-,M233
361_T,361,T,-,M233
361_V,361,V,-,M233
361_Y,361,Y,-,M233
362_-,362,-,-,D234
362_A,362,A,-,D234
362_D,362,D,-,D234
362_E,362,E,-,D234
362_G,362,G,-,D234
362_H,362,H,-,D234
362_I,362,I,-,D234
362_L,362,L,-,D234
362_M,362,M,-,D234
362_N,362,N,-,D234
362_S,362,S,-,D234
363_-,363,-,-,E235
363_A,363,A,-,E235
363_E,363,E,-,E235
363_F,363,F,-,E235
363_H,363,H,-,E235
363_Q,363,Q,-,E235
363_S,363,S,-,E235
363_T,363,T,-,E235
363_W,363,W,-,E235
364_-,364,-,-,L236
364_A,364,A,-,L236
364_E,364,E,-,L236
364_G,364,G,-,L236
364_H,364,H,-,L236
364_I,364,I,-,L236
364_L,364,L,-,L236
364_R,364,R,-,L236
364_S,364,S,-,L236
364_T,364,T,-,L236
364_V,364,V,-,L236
365_-,365,-,-,Y237
365_A,365,A,-,Y237
365_E,365,E,-,Y237
365_G,365,G,-,Y237
365_H,365,H,-,Y237
365_Y,365,Y,-,Y237
366_-,366,-,-,K238
366_E,366,E,-,K238
366_H,366,H,-,K238
366_K,366,K,-,K238
366_N,366,N,-,K238
366_R,366,R,-,K238
366_S,366,S,-,K238
366_V,366,V,-,K238
367_-,367,-,-,-
367_D,367,D,-,-
367_I,367,I,-,-
367_P,367,P,-,-
367_W,367,W,-,-
368_-,368,-,-,-
368_E,368,E,-,-
368_K,368,K,-,-
368_L,368,L,-,-
368_Q,368,Q,-,-
368_R,368,R,-,-
369_-,369,-,-,-
369_D,369,D,-,-
369_H,369,H,-,-
369_K,369,K,-,-
369_L,369,L,-,-
369_Q,369,Q,-,-
370_-,370,-,-,-
370_D,370,D,-,-
370_E,370,E,-,-
370_N,370,N,-,-
370_S,370,S,-,-
371_-,371,-,-,-
371_G,371,G,-,-
371_K,371,K,-,-
372_-,372,-,-,-
372_Y,372,Y,-,-
373_-,373,-,-,-
373_S,373,S,-,-
374_-,374,-,-,-
374_P,374,P,-,-
375_-,375,-,-,-
375_N,375,N,-,-
376_-,376,-,-,-
376_I,376,I,-,-
377_-,377,-,-,-
377_H,377,H,-,-
378_-,378,-,-,-
378_L,378,L,-,-
379_-,379,-,-,-
379_R,379,R,-,-
380_-,380,-,-,-
380_S,380,S,-,-
381_-,381,-,-,-
381_R,381,R,-,-
382_-,382,-,-,-
382_A,382,A,-,-
383_-,383,-,-,-
383_Q,383,Q,-,-
384_-,384,-,-,-
384_A,384,A,-,-
385_-,385,-,-,-
385_S,385,S,-,-
386_-,386,-,-,-
386_N,386,N,-,-
387_-,387,-,-,-
387_S,387,S,-,-
388_-,388,-,-,-
388_A,388,A,-,-
389_-,389,-,-,-
389_V,389,V,-,-
390_-,390,-,-,-
390_D,390,D,-,-
391_-,391,-,-,-
391_G,391,G,-,-
392_-,392,-,-,-
392_T,392,T,-,-
393_-,393,-,-,-
393_A,393,A,-,-
394_-,394,-,-,-
394_G,394,G,-,-
395_-,395,-,-,-
395_P,395,P,-,-
396_-,396,-,-,-
396_G,396,G,-,-
397_-,397,-,-,-
397_S,397,S,-,-
398_-,398,-,-,-
398_T,398,T,-,-
399_-,399,-,-,-
399_G,399,G,-,-
400_-,400,-,-,-
400_S,400,S,-,-
401_-,401,-,-,-
401_R,401,R,-,-
